Raf,Mek,Plcg,PIP2,PIP3,Erk,Akt,PKA,PKC,P38,Jnk
-0.7870510075497146,-0.613477489049606,-0.727948332313949,-0.6768068045803675,0.8291508379122783,-0.1733485394572377,-0.19734930657001876,-0.3579097387844798,0.1709975318963965,0.5602967588709156,0.03579472377974363
-0.5598870069271515,-0.4931830090604635,-0.49063706725470885,-0.6928565622785597,-0.6532355816345203,-0.03988776228900334,-0.07490293291940218,-0.5029223351399842,-1.005508838524681,-0.902827468971669,0.5350056202569871
0.0020449946128729877,0.5129162781214558,-0.3337934150603835,-0.7634754961506054,-0.5107603129707566,-0.08107248918829167,-0.07490293291940218,-0.3836377800733596,-0.31237999373515407,-0.10944320457815487,-0.440197061233442
0.3272481955041212,1.9236424525395814,0.2458461691360365,-0.7281660292145825,-0.8533445832074452,-0.18203072512789845,-0.23842808998829013,-0.09127367451790702,-0.11384993856505302,-0.2794541183767649,-0.35660825996283374
-0.6124934070713239,-0.3728885290713209,-0.9754885312119495,-0.7685044202293723,-0.16554302955547684,-0.012060244113808526,0.03253388525146139,-0.6128512388288344,-0.8941593727988417,-0.42885764868463455,0.9947440272453322
-0.968782208047765,-0.9579571362912414,-0.12921473828517638,-0.6361474184116138,-0.5721972871378825,-0.11446551099852545,-0.12862134200483397,0.10051717872646986,-0.11384993856505302,0.7766742855236923,0.449094907839973
-0.3446790063373549,0.23587444541918814,-0.6202035625456733,0.5397648289426029,-0.41421649642241565,-0.15052997455357792,-0.19023951713224102,0.6267725687262845,-0.0016372986863001408,0.09663063032925141,-0.47270381728312294
-0.2848990061735225,-0.5478623181464374,-0.3337934150603835,-0.5462687753017373,-0.3791096540412008,-0.02207815065687868,0.026214072417881148,-0.2362862708734115,-0.7405143735802417,-0.49583164502954163,-0.4285875055014131
1.0685201975356429,1.1471962635187527,-0.6065649840939928,-0.6468472568770753,0.33180390417840067,-0.11891791390655662,-0.14600082729717956,-0.2854034406067275,1.2240699984508459,1.3897439443732258,-0.30552621474190655
-0.9137846078970392,-0.3109186454405506,-1.2012070045872614,1.3208530369212912,0.3873897379486577,-0.09999520154742415,0.7348230863830622,-0.8280312205176475,-0.0361642648028395,-0.377339189957783,1.4521605230872716
-1.0261710082050441,-0.4968282963328618,-0.34061270428622376,-0.6907165945854674,-0.5634205765425789,-0.0031554382977462174,-0.05831342423125413,-0.27604778922895307,0.4644767438869806,0.5602967588709156,-0.33338914849877593
0.358333795589314,-0.259884623626975,-0.8179629500950402,-0.7067663522836596,-0.12458504677739284,-0.014286445567824142,-0.04330386875150114,-0.41638255989557027,1.4571270197374864,1.9049285316417417,-0.06869127780851662
0.6165833962970698,0.3488783508635342,-0.7224929009332768,-0.17819433208986238,-0.548792725550406,-0.172680679021033,-0.23526818357150003,-0.09127367451790702,0.24868320565860985,0.5190819918894344,1.8468854179762546
-0.5383662068681718,-0.030231525465884725,-0.9884451807410459,-0.7756733120012315,-0.43762105800989226,-0.04767946737805792,-0.19023951713224102,-0.3906545186066905,-0.0361642648028395,0.379982153326935,2.613116096290163
-0.7200974073662223,-0.2161411763581958,-0.6338421409973538,-0.7014164330509288,0.47223127370326035,-0.14874901339036545,-0.27453002080011707,-0.1567632341623284,-0.45653007727170575,-0.7688794762818548,-0.7093065631018723
-0.22272780600313677,-0.5916057654152164,-0.5179142241580698,-0.731375980754221,-0.5604950063441443,-0.0454532659240423,-0.1112418567124884,-0.4093658213622394,3.554640211317251,2.214039284002851,-0.8697506233185119
-0.7918334075628211,-0.12136370727584117,0.12309896307091223,-0.7559856092247823,-0.4610256195973689,-0.14607757164554674,-0.03224419629273578,-1.1180564132286563,2.1562980835974077,1.621577008644058,-0.8599985965036077
-0.4714126066846795,0.2978443290499586,-0.6133842733198331,0.11391125801723603,-0.22698000372260294,0.06029130314169799,-0.0843826521697725,-0.8046420920732112,0.12783882425072232,-0.1661135091776915,-0.7155757231971679
-0.6890118072810294,-0.3728885290713209,-0.8179629500950402,0.5504646674080644,-0.43176991761302314,-0.03432225865396438,-0.0456737985640937,-0.5801064590066237,0.7838511804649696,0.16360462667415868,-0.493601017600775
-0.2442486060621164,-0.4931830090604635,-0.4224441749963065,0.6360633751317563,-0.1392128977695657,0.09924982858697072,0.1589301419230656,0.3344084631708319,-0.07069123091937886,-0.34127626884898693,-0.3798273714268916
-0.49771580675676574,-0.7702248417627311,-0.5588299595131112,0.0454322918382825,-0.36740737324746253,-0.11223930954450988,-0.04804372837668631,0.6454838714818334,-0.2605895445603451,-0.28975781012213536,-0.4076903051837611
-0.6627086072089431,-0.4457942745192861,-0.34061270428622376,-0.759195560764421,-0.7474389420241137,-0.13338822335765793,-0.14284092088038947,-0.6806797113176994,-0.10521819703591806,-0.28975781012213536,-0.5980870191890353
-0.43793580659293335,-0.07762026000706211,-1.2612167497746554,0.5932640212699104,-0.19187316134138807,0.08923192204390057,0.0633429728151649,0.9308312385039551,-1.2100811127651765,2.5901240327088675,-0.7859296309332632
0.2650769953337357,0.8810902926336799,-0.2792391012536616,-0.6115377899410525,-0.5136858831691911,-0.13661621546598052,-0.1112418567124884,-0.27604778922895307,1.8023966809028797,3.0847012364866426,0.2285133489314236
0.2650769953337357,0.44365581994588893,-0.12921473828517638,-0.6489872245701677,-0.5838995679316209,0.41425733433017603,0.4441116960383726,3.3071666884586737,1.8023966809028797,0.6221189093431375,-0.4796695507223403
-0.904219807870826,-1.0582025362821934,-0.7647724941334864,1.0640569137502156,0.3873897379486577,-0.03766156083498776,-0.027504336667550613,0.18004021543755294,-0.12248168009418782,-0.24854304314065406,-0.7295071900756026
-0.4809774067108926,-0.25259404908217836,-0.06102184602677404,-0.6361474184116138,-0.5809739977331865,-0.04879256810506569,-0.07727286273199474,-0.2362862708734115,-0.39006566749736754,-0.5525019496290783,-0.7309003367634461
0.2507297952944157,-0.3510168054369315,0.02080962468330872,-0.6757368207338214,-0.7079437443452469,-0.13116202190364235,-0.13415117823421666,-0.1567632341623284,0.6630067990570818,0.7354595185422108,0.4862454861824656
-0.5837990069926845,-0.2817563472613645,-0.15649189518853746,-0.3376219252252385,-0.21527772292886457,0.13486905185122003,0.07440264527393026,-0.6058345002955036,-0.15700864621072716,0.2511860065098061,3.657976112172766
-0.4451094066125932,-0.19062416545140803,-0.44290204267382727,-0.20280396056042382,0.22648337703475616,-0.18971112014425223,-0.21551876846656187,0.24786868792641795,1.1291208416303629,0.4005895368176756,-0.35660825996283374
-0.3255494062849284,-0.5223453072396496,-0.42926346422214684,-0.644707289183983,-0.6716666738846582,0.019106576242409634,0.056233183377387176,1.9061578946369448,0.38679107012476727,0.23057862301906557,-0.4076903051837611
-0.3733734064159943,-0.030231525465884725,-0.34061270428622376,-0.6842966915061904,-0.5078347427723221,-0.15142045513518418,-0.23289825375890744,0.12624522001534969,1.638393591849318,1.745221309588502,-0.24051270264254457
0.4922409959562988,1.8434461325468197,-1.0286789871735034,1.363652390783137,-0.3205982500725093,-0.13004892117663455,-0.0512036347934764,-0.3391984360289308,1.0255399432807446,0.32331184872739827,-0.5377173293824848
-0.06251740556406589,-0.4640207108812774,0.15037611997427308,-0.6789467722734597,-0.5195370235660604,-0.14429661048233428,-0.15074068692236472,-0.035139766251260134,2.0268219606603854,1.333073639773689,-0.47734763957593457
-0.01230220542644682,-0.3838243908885157,-1.1541539089289636,-0.42964053602820723,-0.8264293373818471,-0.03432225865396438,-0.06542321366903185,-0.566072981939962,0.6802702821153515,-0.10944320457815487,-0.4123341274765726
-0.1318622057541116,-0.6317039254115973,-0.5861071164164722,-0.7399358515265901,0.009991182350597616,-0.02207815065687868,-0.03224419629273578,-0.3836377800733596,0.6457433159988122,0.23057862301906557,-0.4076903051837611
-0.024258205459213297,-0.25259404908217836,-0.04056397834925353,-0.026256625880309456,-0.1772453103492152,0.15601796566436815,0.053073276960597084,-0.32282604611782545,-0.027532523273704698,-0.2639985807587096,-0.6004089303354411
2.4075922012054884,-0.07032968546226549,-0.845240106998401,0.3578675750297578,-0.4200676368192848,-0.19171470145286626,-0.233688230363105,1.5763711835703944,-1.0840576864398082,-0.1403542798142657,1.0458260724662596
-0.33511420631114175,-0.7523629341279796,-0.49745635648054914,-0.2969625390564849,-0.08362706399930873,-0.1991724763238185,-0.11361178652508096,0.07478913743759003,2.000926736072981,2.3995057354195164,2.3344867587214693
-0.1103414056951318,-0.059393823645070815,-0.7599989916753982,-0.7721423653076293,-0.2854914076912944,0.18161928238554736,0.14155065663072,0.7741240779262326,-0.20016735385640133,-0.5318945661383377,-0.579511730017789
0.6165833962970698,-0.11407313273104469,0.3958705321045216,-0.3611615698492538,-0.2211288633257338,-0.09554279863939298,-0.2194686514875495,-0.4000101699844649,-0.8872539795755339,-1.2902462785975928,0.11241779161113442
1.1880801978633078,0.49833512903186283,-0.6836229523459875,2.7974307451549754,0.8759599610872315,0.054725799506659026,0.004884704104547974,-0.5801064590066237,-0.010269040215434943,0.19966754778295454,-0.4796695507223403
-0.8037894075955876,-0.5369264563292425,-1.2612167497746554,0.4113667673570652,-0.1977243017382572,-0.21698208795594312,-0.18233975109026576,-1.3023627453708135,-0.8682641482114373,0.32331184872739827,4.238453898774212
-0.2107718059703703,-0.07032968546226549,0.552714184298847,-0.5633885168464757,-0.48735575138327997,-0.08329869064230727,-0.1357311314426117,-0.4327549498066756,0.024257925901104416,-0.7225128634276885,-0.7141825765093245
0.23638259525509606,-0.4457942745192861,-0.11557615983349596,-0.20815387979315456,-0.21527772292886457,-0.2167594678105416,-0.22657844092532722,-0.01175063780682393,-0.9122860300100247,-0.7225128634276885,1.5450369689435028
0.07856339482257851,-0.3911149654333122,-0.7490881289140537,-0.6489872245701677,0.2557390790191019,-0.1969462748698029,-0.1357311314426117,-0.21757496811786253,0.7320607312901606,0.7560669020329517,-0.3705397268412685
0.2052969951699033,0.49833512903186283,-0.5520106702872709,-0.666106966114906,-0.4288443474145885,-0.04879256810506569,-0.027504336667550613,2.0254424497035695,1.4571270197374864,1.68339915911628,0.03579472377974363
0.3750721956351871,1.012320634440017,-0.9945825410443022,-0.7078363361302057,-0.17139416995234596,-0.0031554382977462174,-0.0456737985640937,-0.781252963628775,0.5421624176491943,0.6221189093431375,-0.4982448398935866
-0.20120700594415714,0.44365581994588893,-0.8131894476369519,0.43276644428798816,0.521965967076648,-0.17724439200176495,-0.0456737985640937,1.0758438348594597,-0.21743083691467094,-0.06307659172398854,1.6146943033356762
0.4922409959562988,-0.3510168054369315,0.3140390613944388,-0.6318674830254293,-0.3059703990803364,-0.14874901339036545,-0.1412609676719944,-0.2362862708734115,0.35226410400822805,0.04511217160239984,-0.7501721992786141
0.07856339482257851,-0.30362807089575405,0.16401469842595348,-0.6361474184116138,-0.7793276571870504,0.18941098747460194,0.2663669600939292,1.7377561698370043,-0.5419843184101406,-0.5834130248651893,-0.6213061306530931
-0.20120700594415714,-0.17239772908941672,-0.8943389894244508,-0.05514618973705533,-0.3878863646365045,-0.14607757164554674,-0.20998893223717918,0.24786868792641795,-0.8941593727988417,-0.3670354982124127,3.1239365484994357
0.3750721956351871,0.017157209075292654,-0.4019863073187859,-0.3226421513735924,0.34350618497213914,0.03468998642051875,-0.0512036347934764,-0.2362862708734115,0.4644767438869806,0.4984746083986939,-0.6584567089955856
0.0020449946128729877,-0.17239772908941672,-0.5315528026097504,-0.6511271922632599,-0.0748503534040051,-0.20663025119477066,-0.233688230363105,-1.256753944904163,0.1882610149546661,-0.07853212934204386,-0.6491690644099626
2.9097442025816806,0.2869084672327637,-1.2612167497746554,2.25173898341644,0.5599983796562976,-0.17590867112935563,-0.22815839413372227,0.013977403482055896,0.5076354515326548,0.21512308540101024,-0.48431337301515187
0.2507297952944157,0.11193467815764742,-0.463359910351348,-0.1525147197727549,-0.8352060479771508,-0.2016212979232356,-0.1175616695460686,0.9495425412595041,6.1096357039411595,4.48085146798432,-0.13834861220069014
-0.048170205524746254,-0.3984055399781087,-0.5724685379647917,-0.42108066525583804,-0.6977042486507259,-0.18203072512789845,-0.22499848771693218,-0.046834330473478236,2.5792534185250147,2.3995057354195164,0.7718405571903771
0.5615857961463442,0.017157209075292654,-0.3815284396412651,-0.673596853040729,-0.6886349810355787,0.01465417333437848,-0.035404102709525875,-0.3485540874067053,-0.7310194578981934,-0.8925237772262987,1.3267773211813592
-0.5694518069533646,-0.19791473999620451,-0.25878123357614097,-0.49276958297442996,-0.5429415851535369,-0.0031554382977462174,0.0293739788346713,-0.5730897204732929,-0.7103032782282698,-0.5525019496290783,-0.6166623083602816
0.5089793960021716,-0.07762026000706211,-0.10875687060765588,-0.41680072986965344,-0.3849607944380699,-0.21531243686543144,-0.1681201722147103,-0.886504041628738,0.4903719684743852,-0.04762105410593284,-0.48663528416155766
1.2837281981254396,0.571240874479828,-0.5929264056423124,0.7751612751827556,0.8145229869201054,-0.10110830227443195,-0.16180035938113008,-0.5380060278066385,-0.8242422664128495,-0.7225128634276885,-0.6749422781350667
-1.2055110086965413,-0.7264813944939519,-0.6270228517715135,0.07967177492775927,-0.030966800427486483,1.7677878183716518,2.4727716156176203,2.722438477347769,0.7838511804649696,0.42119692030841654,-0.4123341274765726
-0.5766254069730244,-0.5806699035980216,-0.845240106998401,-0.6564771114959906,0.050949165128681716,-0.10333450372844752,-0.15390059333915482,0.0373665319264921,1.940504545369037,0.6890929056880445,-0.6730847492179421
-0.8420486077004403,-0.6462850745011903,-0.463359910351348,-0.20280396056042382,-0.10995719578521997,-0.1451870910639405,-0.2012991895910064,-0.046834330473478236,0.9219590449311268,1.333073639773689,0.9784906492204917
2.5032402014676203,0.11193467815764742,-0.935254724779492,-0.5665984683861142,-0.4902813215817146,-0.06548907901018257,-0.1412609676719944,-0.5801064590066237,0.6457433159988122,0.07602324683851085,-0.6050527526282526
-0.036214205491979776,-0.10678255818624807,-0.2724198120278214,-0.2595131044273697,-0.3205982500725093,0.04136859078256548,-0.05831342423125413,-0.4327549498066756,-1.0331304114179125,-0.3567318064670423,0.9274086039995647
0.7480993966575011,-0.0958466963690534,1.3983060483030358,0.16848043419108955,1.1860704021212964,-0.12559651826860338,-0.18233975109026576,-0.32282604611782545,-0.9122860300100247,0.4572598414172124,0.9784906492204917
-0.49771580675676574,-0.6317039254115973,-1.0314067028638394,-0.629727515332337,-0.1977243017382572,-0.19995164683272393,-0.24632785603026539,0.025671967704273997,-1.135848135614617,-1.3731909971478238,-0.8133281824608515
-0.18925100591139066,0.2468103072363828,-0.463359910351348,-0.4414103583402149,-0.25623570570694865,-0.10556070518246312,-0.12704138879643892,0.23383521085975623,-1.080604989828154,-0.9852570029346316,0.6139505992347839
-0.775095007516948,-0.544217030874039,-0.06102184602677404,-0.6532671599563522,-0.6444588710392166,-0.019851949202863105,-0.027504336667550613,-0.3041147433622765,-0.2864847691477496,-0.49583164502954163,-0.5353954182360792
-0.07447340559683237,-0.32549979453014355,-0.463359910351348,-0.6468472568770753,0.7998951359279325,-0.08997729500435402,-0.17522996165248803,-0.21757496811786253,0.9392225279893964,0.2872489276186024,0.8647170030466085
0.2650769953337357,0.19942157269520555,-0.0746604244784547,-0.38363123062672283,0.5073381160844751,-0.03766156083498776,-0.0820127223571799,-0.3485540874067053,-0.43322437514304174,-0.6040204083559298,-0.738098261317304
-0.01230220542644682,0.1884857108780109,-0.49745635648054914,-0.6960665138181981,-0.18602202094451883,-0.042113963743018956,-0.06542321366903185,-0.47953320669554805,0.11057534119245273,-0.7328165551730588,-0.6514909755563684
0.23638259525509606,0.19942157269520555,-0.14967260596269713,-0.3376219252252385,-0.31182153947720553,-0.15219962564408962,-0.18470968090285833,-0.973043816873152,-0.2605895445603451,-0.15065797155963598,-0.2521222583745735
0.2507297952944157,0.6186296090210053,0.40950911055620204,2.0805415679690564,1.361604614027371,0.11817254094610315,0.07440264527393026,0.5425717063263141,0.39542281165390225,0.709700289178785,-0.5121763067720213
1.092432197601176,1.0888716671603804,0.03444820313498914,-0.6628970145752675,-0.44932333880363057,-0.17067709771241898,-0.14916073371396965,1.1647225229483171,-1.1522484445199732,0.7354595185422108,-0.7847686753600602
0.06660739478981204,0.7972486853685198,-0.4019863073187859,-0.5494787268413758,-0.5809739977331865,-0.08775109355033843,-0.03224419629273578,0.29230803197084676,-0.7361985028156743,-0.46492056979343066,1.2292570530323166
0.3750721956351871,0.12287053997484208,-1.2612167497746554,-0.5344989529897297,-0.8618287367829055,-0.026530553564909836,-0.11361178652508096,-0.1450686699401103,0.3091053963625539,-0.15065797155963598,-0.7155757231971679
-0.9305230079429123,-0.544217030874039,-0.7845484328884229,0.20806983651329705,0.15919526247076082,-0.1451870910639405,-0.15074068692236472,-0.3906545186066905,-0.2864847691477496,-0.5834130248651893,-0.7339188212537736
-0.27533420614730936,-0.3801791036161174,-0.1360340275110167,-0.5184491952915375,1.5078831239490997,-0.04767946737805792,-0.053573564606068956,0.9097810229039626,0.6457433159988122,0.47786722490795297,-0.4285875055014131
0.014000994645639466,0.8482827071820954,-0.52473351338391,-0.041236399731955434,-0.5136858831691911,-0.1233703168145878,-0.03224419629273578,1.9646307157480354,0.32636887942082354,-0.2382393513952838,-0.5028886621863982
-0.3040286062259488,-0.10678255818624807,-0.4838177780288686,0.2936685442369889,-0.2503845653100795,-0.0076078412057773714,-0.029874266480143172,-0.8420646975843092,-0.3469069598516934,-0.1403542798142657,-0.6143403972138758
-0.17729500587862418,-0.31820921998534707,2.0188613678544973,-0.2434633467291775,-0.5751228573363172,0.40757872996812916,1.2483078791114541,5.809803432013348,0.024257925901104416,0.2666415441278618,-0.5284296847968618
-0.6555350071892834,-0.22343175090299242,-0.29969696893118236,-0.7367258999869517,-0.7562156526194174,-0.17201281858482834,-0.21314883865396927,-0.01175063780682393,-1.2100811127651765,1.7761323848246127,-0.7025730207772956
0.8270089968737602,-0.0958466963690534,3.25997200695742,0.6039638597353718,0.009991182350597616,0.06585680677673696,0.03253388525146139,0.7928353806817815,-1.0642046809227979,-1.393283196051296,0.7555871791655365
0.13356099497330443,-0.2453034745373819,-0.2860583904795018,-0.7377958838334979,-0.6260277787890789,-0.028756755018925415,-0.053573564606068956,0.5589440962374195,-1.0918262538160295,-0.7225128634276885,-0.7093065631018723
2.240208200746758,3.3890479360436814,-0.5110949349322296,-0.5023994375933453,0.975429347834007,-0.15142045513518418,-0.12467145898384635,-0.22693061949563703,-1.2100811127651765,-1.134660533242501,-0.6628683401737566
-1.018997408185384,-0.6426397872287921,-0.8493316805339053,1.6418481908851355,0.12993956048641508,0.25285772891404606,0.18104948684059635,2.9843967159254543,0.7320607312901606,0.1120861679473071,-0.1847868351288058
0.2961625954189285,-0.16510715454462024,-0.436082753447987,-0.7442157869127748,0.37568745715491925,-0.11112620881750208,-0.0843826521697725,0.20576825672643279,-0.6317544303131428,-0.9079793148443542,0.24708863810266998
-0.5694518069533646,-0.23072232544778892,-1.132332183406275,-0.8270325366354466,-0.5136858831691911,-0.10222140300143974,-0.15232064013075977,-0.22693061949563703,-0.6257122112427485,-0.032165516487877514,-0.5144982179184271
0.5783241961922173,1.1471962635187527,-0.44290204267382727,-0.5023994375933453,-0.5312393043597986,-0.20841121235798313,-0.1775998914650806,-0.7672194865621134,-1.0780154673694138,-1.6142973839894892,-0.751333154851817
-0.6555350071892834,-0.7731410715806497,-0.44972133189966745,0.7751612751827556,0.7677138637451524,-0.05992357537514361,-0.20524907261199402,-0.31347039474005095,-0.47120403787123494,0.7560669020329517,0.365506106569365
-0.7153150073531157,-0.35830737998172796,-0.8043243716433597,0.4648659596843726,-0.08947820439617797,0.7437351495244825,0.8533195770126911,0.5425717063263141,-1.062478332616971,-0.9594977735712058,0.24708863810266998
5.8030962105111685,10.752528226288163,-0.12921473828517638,-0.5976279999359525,-0.5780484275347518,0.07810091477382264,-0.029874266480143172,-0.5941399360732854,-0.364170442909963,0.12754170556536243,-0.493601017600775
-0.45467420663880653,-0.4931830090604635,-0.5451913810614307,4.530804576559736,1.077824304779217,-0.0320960571999488,-0.09702227783693293,-0.19652475251786994,-1.0443516754057878,-0.9646496194438908,1.1735311855185775
-0.7200974073662223,-0.5332811690568443,-0.6658928003588028,-0.6254475799461523,1.1860704021212964,-0.17590867112935563,0.039643674689239114,-0.023445202029042034,0.4299497777704414,-0.4855279532841712,-0.7141825765093245
-0.3159846062587153,-0.15781657999982376,-0.463359910351348,-0.6115377899410525,0.19722767505041042,-0.05992357537514361,-0.04804372837668631,-0.44912733971778096,-0.8242422664128495,0.2666415441278618,1.3267773211813592
-0.16773020585241102,-0.3109186454405506,0.5186177381696458,0.785861113648217,1.0953777259698247,-0.16644731494978937,-0.14284092088038947,0.5916888760596302,-0.9865190071605844,-0.46492056979343066,1.2687295425212146
-0.25381340608832953,0.23587444541918814,-0.06102184602677404,-0.759195560764421,-0.4844301811848454,-0.17902535316497745,-0.12704138879643892,1.0337434036594744,-0.4159608920847721,-0.5834130248651893,-0.5377173293824848
0.633321796342943,1.8944801543603955,6.853737428975224,2.604833652776669,1.4230415881944969,-0.1733485394572377,-0.24553787942606786,0.364814330148599,-0.2519578030312103,-0.6246277918466706,-0.7671221506473763
0.3918105956810603,-0.15052600545502726,0.13673754152259265,-0.1835442513225931,0.4341988611236108,-0.15475975731620756,-0.10729197369150077,0.0373665319264921,0.05878489201764362,0.14299724318341775,-0.5748679077249774
-0.024258205459213297,-0.2963374963509576,-0.3133355473828628,-0.6757368207338214,-0.0075622388400098705,-0.18603788774512653,-0.1957693533616237,0.9705927568594966,0.11057534119245273,-0.6452351753374111,-0.5330735070896734
-0.01230220542644682,0.17754984906081595,-0.4224441749963065,0.013332776441898056,0.22648337703475616,0.0035231660643005535,-0.1112418567124884,-0.43977168834000646,-0.7310194578981934,-0.8049423973906511,0.23780099351704687
1.2598161980599065,-0.08855612182425678,0.6072684981055687,-0.14609481669347793,0.0012144717552938725,-0.12670961899561117,-0.19971923638261135,-0.3836377800733596,0.2400514641294752,-0.22278381377722828,-0.7125572387068404
0.17660259509126366,-0.030231525465884725,-1.166428629535476,-0.7559856092247823,0.050949165128681716,0.007975568972331707,-0.07727286273199474,-0.43977168834000646,-0.0620594893902439,-0.1661135091776915,-0.48431337301515187
-0.4714126066846795,-0.22343175090299242,-0.8786546242050183,0.5932640212699104,-0.29426811828659816,0.0057493675183161305,-0.029874266480143172,-0.5941399360732854,0.09331185813418313,-0.7225128634276885,-0.6491690644099626
-0.5455398068878317,-0.5296358817844461,-1.1555177667741316,-0.7832701973117092,0.2791436406065784,-0.07105458264522153,-0.05831342423125413,-0.6689851470954813,0.5421624176491943,-0.2794541183767649,-0.570224085432166
-0.5048894067764256,-0.15781657999982376,0.8664014886874979,-0.2370434436499006,3.1462024350724613,0.021332777696425248,-0.04330386875150114,-0.5520395048733002,2.0268219606603854,1.745221309588502,-0.5144982179184271
-0.4188062065405071,-0.31820921998534707,-0.6890783837266596,-0.7879781262365123,0.059725875723985355,-0.09888210082041635,0.15024039927689278,0.6805675641484877,-1.053846591087836,-0.8616127019901877,0.602341043502755
0.06660739478981204,-0.4348584127020913,0.3617740859753204,0.3364678980988348,-0.14506403816643484,-0.05769737392112804,-0.05831342423125413,0.08648370165980813,-0.9286863389153811,-1.0573828451522236,0.7857720240688116
2.574976201664219,1.7887668234608458,-0.6713482317394751,0.31506822116791183,-0.3001192586834673,0.0691961089577603,0.3714338484522001,2.1166600506368707,0.4644767438869806,-0.24854304314065406,-0.5934431968962237
-0.08642940562959885,-0.052103249100274196,0.43678626745956284,-0.3172922321408617,1.0076106200167876,-0.16344194298686832,-0.1926094469448336,-0.6923742755399175,-1.1056370402626452,-1.5236248966302304,-0.6670477802372871
0.5974537962446436,1.519015565303375,-0.44972133189966745,0.12354111263615128,0.1767486836613683,-0.1478585328087592,-0.19102949373643854,0.7928353806817815,-0.5143627455169091,-0.46492056979343066,0.08687676900067094
0.025956994678405943,-0.17239772908941672,-0.02692539989757287,-0.579438274544668,0.4107942995361342,0.24840532600601492,0.18104948684059635,1.473459018414875,0.5076354515326548,0.8024335148871181,-0.48663528416155766
-0.048170205524746254,-0.2963374963509576,1.2755588422379118,-0.4606700675780455,1.4874041325600575,-0.18203072512789845,-0.22973834734211734,-0.6853575370065866,0.08468011660504818,-0.6452351753374111,-0.5470049739681081
0.40854899572693343,0.10099881634045249,0.7163771257190126,-0.2263436051844391,0.5599983796562976,-0.18603788774512653,-0.21867867488335196,-1.1217986737797663,-0.3382752183225586,-0.34127626884898693,-0.7204517366046201
0.8891801970441457,3.243236445147751,-0.2724198120278214,-0.11292531745054739,-0.4844301811848454,-0.029869855745933222,-0.07727286273199474,-0.1567632341623284,3.0971579102731046,2.111002366549148,-0.26837563639941403
-0.49771580675676574,-0.4457942745192861,0.8664014886874979,0.3578675750297578,0.8935133822778389,-0.12893582044962676,-0.16338031258952512,0.9308312385039551,-0.8648114515997833,-0.701905479936948,-0.08262274468695137
0.1622553950519437,0.6040484599314122,-0.8043243716433597,-0.6628970145752675,1.3235722014477216,-0.07216768337222934,-0.19102949373643854,-0.11232389011789962,-0.2605895445603451,-1.0419273075341682,-0.5470049739681081
1.2598161980599065,1.7887668234608458,-0.8268280260886324,-0.7121162715163903,0.15919526247076082,-0.12893582044962676,-0.07727286273199474,-0.4327549498066756,-0.010269040215434943,-0.15065797155963598,-0.6143403972138758
-0.2944638061997356,-0.2817563472613645,-0.49745635648054914,-0.09152564051962443,-0.18602202094451883,-0.20807728213988083,-0.24158799640508025,-0.5309892892733077,-0.8112946541191474,-1.036775461661483,1.2873048316924611
0.6715809964477959,0.8993167289956712,0.007171046231628301,-0.7808092344646531,-0.16554302955547684,-0.07105458264522153,-0.07016307329421702,0.44433736685968206,0.8270098881106438,0.34391923221813914,-0.3124919481811239
-0.036214205491979776,-0.3984055399781087,0.23220759068435584,-0.6682469338079983,-0.5604950063441443,-0.03766156083498776,0.1210112649215843,0.41159258703747137,-0.5488897116334485,-1.3227029075955092,-0.32642341505955863
0.7863585967623541,0.03902893270968225,-0.04056397834925353,-0.6340074507185216,0.11238613929580761,-0.09554279863939298,-0.09939220764952551,-0.42573821127334477,-0.6723236155000765,-0.8461571643721322,-0.7074490341847477
0.8078793968213335,-0.041167387283079525,-0.6774855920427313,-0.7506356899920517,-0.21527772292886457,-0.019851949202863105,-0.1357311314426117,-0.5801064590066237,-0.939044428750343,-0.7122091716823182,1.939761863832486
1.1402561977322418,0.2468103072363828,-0.23832336589862022,-0.456390132191861,-0.03681794082435561,-0.03766156083498776,-0.10966190350409333,-0.6806797113176994,-1.1384376580733575,-0.4391613404300049,1.3662498106702576
0.5089793960021716,0.9722224744436364,-0.2315040766727799,-0.5772983068515757,-0.7731839597703378,-0.1881527791264413,-0.2851947049567837,-0.177813449762321,-0.9925612262309789,-1.4659242228561566,-0.32642341505955863
-0.3446790063373549,-0.17239772908941672,-1.2612167497746554,0.8179606290446014,-0.5312393043597986,-0.08886419427734624,-0.12467145898384635,-0.12401845434011771,-0.7310194578981934,-0.9234348524624095,-0.11048567844382066
-0.7631390074841816,-0.4093414017953035,-0.6713482317394751,-0.731375980754221,-0.6064264584595671,-0.03988776228900334,0.10047187321244866,-0.6572905828732631,-1.1341217873087899,-0.7328165551730588,1.1549558963473314
-0.6627086072089431,-0.15781657999982376,0.34813550752364003,-0.4959795345140684,-0.1392128977695657,-0.08997729500435402,-0.12862134200483397,-0.6619684085621504,0.4644767438869806,-0.28975781012213536,0.2285133489314236
-0.16773020585241102,0.12287053997484208,-0.7750014279722466,-0.5997679676290448,-0.7234492663969501,0.09257122422492396,0.007254633917140529,-0.6128512388288344,1.7160792656115313,1.7761323848246127,-0.41929986091578997
0.2961625954189285,-0.0958466963690534,-0.727948332313949,-0.6768068045803675,-0.21527772292886457,-0.08997729500435402,-0.11519173973347603,0.19173477965977107,-0.9666660016435743,-0.7122091716823182,0.3562184619837417
-0.354243806363568,-0.11407313273104469,-0.2724198120278214,0.06255203338302096,-0.5253881639629294,-0.19650103457899976,-0.20524907261199402,-0.43977168834000646,-0.978750439784363,-0.07853212934204386,0.8949018479498836
0.358333795589314,-0.0958466963690534,-0.2110462089952594,-0.629727515332337,-0.8325730347985597,-0.17724439200176495,-0.21235886204977175,-0.25733648647340407,-0.12248168009418782,-0.4855279532841712,-0.740884554692991
-0.3638086063897812,-0.35830737998172796,-0.3815284396412651,-0.6821567238130982,0.2557390790191019,0.0012969646102849763,-0.0930723948159453,-0.18716910114009547,1.3362826383295987,0.3078563111093429,-0.34267679308439913
-0.3925030064684208,-0.259884623626975,-0.14967260596269713,-0.6821567238130982,-0.2503845653100795,-0.10110830227443195,-0.040933938938908586,0.3344084631708319,-0.20879909538553612,-0.49583164502954163,0.6278820661132184
0.47311139590387213,-0.13229956909303597,-1.248260100245559,-0.8302424881750852,0.3201016233846624,-0.15720857891562467,-0.1704901020273029,-0.1357130185623358,-0.978750439784363,-0.9285866983350948,0.5744781097458855
0.7098401965526485,-0.0010692272866986363,1.7324512203692073,-0.36972144062162293,-0.6754699151426231,0.34079268634766163,0.4370019066005948,4.025212931702866,4.728557059279588,3.125916003468124,-0.7007154918601709
0.09291059486189833,-0.0958466963690534,-0.34061270428622376,-0.010206868182117232,0.30839934259092416,-0.0788462877342761,-0.029874266480143172,-0.26669213785117857,-0.12248168009418782,-0.06307659172398854,-0.5887993746034121
-0.7511830074514151,-0.3400809436197367,0.3958705321045216,-0.11934522052982421,0.34350618497213914,-0.16923006676730884,-0.16338031258952512,-0.5941399360732854,0.8442733711689134,0.539689375380175,-0.35660825996283374
0.2507297952944157,-0.259884623626975,-0.013286821445892449,-0.6853666753527367,-0.6064264584595671,-0.01651264702183972,-0.10966190350409333,-0.7297968810510155,-0.17427212926899677,-0.44946503217537515,-0.6670477802372871
-0.7272710073858822,-0.5223453072396496,0.2185690122326754,-0.46708997065732244,0.5453705286641247,-0.10222140300143974,-0.14600082729717956,-0.1357130185623358,0.611216349882273,1.0188110415398945,-0.05940363322289353
1.020696197404577,0.028093070892487453,-0.8404666045403129,0.004772905669528902,0.5453705286641247,-0.02207815065687868,-0.13415117823421666,-0.5239725507399768,-0.9545815635027857,-0.3670354982124127,1.1363806071760851
0.0020449946128729877,-0.17239772908941672,-0.3133355473828628,-0.21457378287243145,-0.12458504677739284,0.0035231660643005535,-0.04330386875150114,-0.7672194865621134,-1.0598888101582304,-1.005864386425372,0.9111552259747241
0.7289697966050749,0.046319507254478746,-0.04738326757509362,-0.6318674830254293,-0.6353896034240695,0.031350684239495365,-0.035404102709525875,-0.3298427846511563,1.26722870609652,1.358832869137115,-0.33338914849877593
3.3640722038268067,0.11193467815764742,0.0003517570057879705,-0.27128292673937726,-0.4200676368192848,-0.005381639751761795,-0.0512036347934764,-0.6128512388288344,-0.9286863389153811,-1.0213199240434276,1.3267773211813592
0.06660739478981204,-0.4348584127020913,-0.3133355473828628,0.7216620828554482,0.9256946544606194,-0.1969462748698029,-0.1681201722147103,0.30634150903750845,2.510199486291936,4.686925302891726,0.43748535210794415
-0.3159846062587153,-0.23072232544778892,-0.10875687060765588,2.0805415679690564,0.3201016233846624,-0.07995938846128389,-0.1775998914650806,-0.5450227663399694,0.14510230730899193,-0.1248987421962102,-0.6189842195066874
2.144560200484626,2.0074840598047414,-0.7545435602947259,-0.7871221391592754,-0.370332943445897,0.07810091477382264,0.21501848082108996,1.4991870597037549,0.9823812356350705,0.6478781387065633,-0.1963963908608347
-1.2055110086965413,-0.5296358817844461,-0.7900038642690952,0.764461436717294,-0.42299320701771936,0.20165509547168758,0.15419028229788043,2.373940463525669,-0.24332606150207547,-0.42885764868463455,-0.6143403972138758
1.1880801978633078,0.36345949995312715,-0.6597554400555466,-0.6115377899410525,1.244581806089988,-0.11001310809049428,-0.14916073371396965,-0.18716910114009547,0.24868320565860985,-0.1661135091776915,-0.5423611516752964
0.2961625954189285,0.4691728308526766,0.7913893072032552,-0.6168877091737832,-0.5838995679316209,-0.15642940840671923,-0.05594349441866157,4.68712526668041,-1.2100811127651765,-0.032165516487877514,-0.8695184322038715
0.21964419520922293,-0.20520531454100113,-0.21786549822109946,-0.3611615698492538,-0.4844301811848454,-0.1808063143281899,-0.1957693533616237,0.19173477965977107,0.3091053963625539,0.23057862301906557,-0.4796695507223403
0.4922409959562988,0.5129162781214558,-1.0259512714831673,0.08823164570012842,-0.06899921300713587,0.18941098747460194,0.32245529899195347,0.1519732613042295,0.4644767438869806,0.8951667405954508,-0.05940363322289353
0.6165833962970698,0.17754984906081595,-1.2612167497746554,2.604833652776669,-0.20357544213512632,0.24395292309798375,0.35247440995145946,0.5425717063263141,0.7665876974066997,0.4005895368176756,-0.505210573332804
3.268424203564675,4.847162845002985,-1.0668670068382087,2.455035914260208,0.8613321100950586,0.007975568972331707,-0.13178124842162406,-0.22693061949563703,-1.1108160851801259,-1.412345025780231,-0.8277240315685672
-0.49771580675676574,-0.4640207108812774,0.4231476890078824,-0.5901381130101294,-0.5721972871378825,0.08032711622783822,0.004884704104547974,-0.5730897204732929,0.714797248231891,0.179060164292214,-0.44484088352625356
0.12160499494053793,0.7607958126445372,-0.463359910351348,-0.7399358515265901,-0.800099205595936,0.0035231660643005535,-0.09465234802434035,0.013977403482055896,0.861536854227183,1.0651776543940612,-0.4076903051837611
0.908309797096572,-0.2671751981717715,-0.1360340275110167,0.20806983651329705,0.024619033342770488,-0.028756755018925415,-0.13178124842162406,-0.5029223351399842,-0.09658645550678326,0.1120861679473071,-0.6649580602055218
0.47311139590387213,-0.059393823645070815,-0.8316015285467205,-0.8006039356257567,1.0602708835886099,0.05806510168768237,0.08941220075368325,2.5446811011700534,2.1562980835974077,1.6524880838801685,-0.41929986091578997
1.1163441976667088,-0.19062416545140803,-1.2373492374842143,-0.2199237021051622,-0.4200676368192848,0.5366984143010332,0.5215294032497301,1.0547936192594671,0.03288966743023922,-0.10944320457815487,-0.5632583519929486
0.40854899572693343,0.028093070892487453,-0.7490881289140537,0.6360633751317563,-0.5370904447566678,-0.0320960571999488,-0.0630532838564393,-0.6315625415843834,-0.7655464240147327,-0.2382393513952838,1.8468854179762546
1.1641681977977747,0.028093070892487453,0.13673754152259265,-0.43392047141439183,0.009991182350597616,-0.1733485394572377,-0.11519173973347603,1.2325509954371823,-0.30374825220601925,-0.1970245844138025,0.6696764667485224
-0.14381820578687807,0.16661398724362128,-0.08147971370429478,-0.43392047141439183,0.7530860127529795,-0.20473797995885742,-0.08833253519076013,0.9308312385039551,-1.0003297936072002,-0.9079793148443542,0.741655712287102
-0.7511830074514151,-0.3911149654333122,0.3344969290719593,0.26156902884060446,-0.1977243017382572,-0.08329869064230727,-0.16338031258952512,-0.11232389011789962,-0.010269040215434943,0.1120861679473071,-0.5098543956256155
0.2507297952944157,-0.13959014363783245,0.16401469842595348,-0.6543371438028983,-0.3937375050333736,-0.03654846010797999,0.026214072417881148,-0.07957911029568893,-1.0883735572043753,-1.2650022338214355,0.8322102469969274
-1.2454440488059813,-0.8803125173891585,-0.11557615983349596,0.4006669288916037,-0.47857904078797636,-0.14874901339036545,-0.1444208740887845,-0.2854034406067275,-1.03744628218248,-0.8203979350087064,0.6557449998700879
-0.2442486060621164,-0.4093414017953035,-0.3133355473828628,-0.558038597613745,-0.4522489090020651,-0.051018769559081266,-0.10966190350409333,-0.22693061949563703,-1.1341217873087899,-0.6246277918466706,0.4862454861824656
-0.3996766064880806,-0.5223453072396496,2.3052715153397867,-0.20280396056042382,-0.4083653560255465,-0.20473797995885742,-0.250277739051253,-0.035139766251260134,-0.6939029693229136,0.5602967588709156,5.399409471977104
-1.0237798081984908,-0.259884623626975,-0.7006711754105881,-0.7559856092247823,0.45760342271108745,-0.206964181412873,-0.22420851111273463,0.7179901696595856,-0.21743083691467094,-0.3052133477401907,-0.8258665026514427
0.996784197339044,1.1289698271567614,-0.10875687060765588,-0.7335159484473133,-0.0748503534040051,-0.15798774942453014,-0.2439579262176728,-0.8233533948287602,-0.8527270134589946,-1.165571608478612,0.4723140193040309
0.014000994645639466,-0.2963374963509576,-0.5451913810614307,-0.6885766268923751,-0.5019836023754528,-0.14874901339036545,-0.1357311314426117,0.9308312385039551,-0.5005519590702934,0.5602967588709156,-0.8035761556459471
1.020696197404577,0.5858220235694209,-0.5588299595131112,0.2401693519096815,-0.5019836023754528,0.16269657002641486,0.18578934646578146,0.8115466834373305,-0.11384993856505302,-0.032165516487877514,-0.6375595086779337
1.9771762000258952,2.5870847361160645,0.5049791597179651,3.6427179839264325,2.0637414616516687,-0.12114411536057221,-0.1775998914650806,0.19173477965977107,-0.5687427171504585,-0.24854304314065406,2.311267647257411
0.052260194750492234,-0.4676659981536757,-0.11557615983349596,-0.7645454799971516,-0.4025142156286774,-0.08107248918829167,-0.07016307329421702,-0.05852889469569634,-0.3382752183225586,-0.6761462505735222,2.682773430682337
-0.1103414056951318,-0.3510168054369315,-0.2724198120278214,-0.4959795345140684,0.059725875723985355,-0.11669171245254105,-0.18865956392384595,0.07478913743759003,-1.1557011411316271,-0.8513090102448174,0.6836079336269574
-0.2107718059703703,-0.3838243908885157,-1.0034476170378943,-0.7270960453680365,-0.16554302955547684,-0.11669171245254105,-0.10334209067051314,-0.1357130185623358,0.28321017177514934,0.2872489276186024,-0.3519644376700222
-0.6053198070516641,-0.6098322017772076,0.49134058126628477,-0.46388001911768395,1.9818254960955006,0.1315297496701967,0.13760077360973236,0.3203749861041702,1.5348126934996997,1.5030845535722994,0.288883038737974
-0.25381340608832953,-0.3838243908885157,0.9073172240425389,-0.4050309075576458,0.4224965803298725,-0.15142045513518418,-0.13889103785940182,-0.2362862708734115,-1.1582906635903676,-0.701905479936948,0.6139505992347839
0.2650769953337357,-0.17239772908941672,-0.49063706725470885,0.6788627289936022,-0.273789126897556,-0.19650103457899976,-0.13731108465100675,-0.7297968810510155,-0.8794854121993125,-0.7843350138999103,0.31210215020203186
-0.3255494062849284,-0.3984055399781087,-0.8984305629599548,0.14066085418088975,-0.3878863646365045,-0.15309010622569585,-0.20524907261199402,-0.7555249223398952,-1.030540888959172,-0.542198257883708,1.2873048316924611
0.45637299585799934,0.11193467815764742,0.3958705321045216,-0.579438274544668,0.47223127370326035,0.49551368740174484,0.9639163016003448,6.20507970272432,0.2400514641294752,-0.22278381377722828,-0.46805999499031137
-0.9974766081264045,-0.6790926599527747,0.8868593563650184,0.14066085418088975,2.5318326934012005,0.016880374788394055,-0.04330386875150114,-0.4959055966066534,-0.4487615098954844,-0.5628056413744486,-0.45412852811187676
-0.7153150073531157,-0.13229956909303597,-0.29969696893118236,-0.6425673214908907,-0.6532355816345203,-0.0755069855532527,0.23476789592602812,0.10051717872646986,-1.117721478403434,-0.6143241001013001,0.43748535210794415
0.10725779490121796,-0.32549979453014355,-0.8084159451788637,-0.46388001911768395,0.5717006604500359,-0.1978367554514091,-0.22183858130014208,-0.2479808350956296,0.4731084854161156,-0.1403542798142657,-0.5864774634570064
4.009696205596197,4.5555398632111235,0.6209070765572494,-0.521659146831176,-0.2386822845163412,-0.12670961899561117,-0.25185769225964805,-0.47953320669554805,0.39542281165390225,0.2666415441278618,-0.61201848606747
0.12160499494053793,-0.012005089103893436,-0.39516701809294563,-0.5152392437518991,-0.6400705157415647,-0.16121574153285276,-0.14916073371396965,1.6020992248592743,-0.20879909538553612,-0.44946503217537515,-0.8671965210574656
-0.036214205491979776,-0.5369264563292425,0.0003517570057879705,-0.11292531745054739,0.03339574393807423,-0.08775109355033843,-0.19023951713224102,-0.1450686699401103,0.33500062094995814,0.2511860065098061,-0.1244171453222554
0.3750721956351871,-0.23072232544778892,-0.40880559654462606,1.031957398353831,0.03339574393807423,-0.0076078412057773714,-0.07016307329421702,-0.7297968810510155,1.1291208416303629,0.4984746083986939,-0.6027308414818469
-0.25381340608832953,-0.18333359090661153,2.2370786230813846,0.2936685442369889,-0.41421649642241565,-0.17067709771241898,-0.19102949373643854,-0.2854034406067275,-0.9640764791848339,-0.9285866983350948,0.58840957662432
0.040304194717725755,0.8482827071820954,0.5390756058471664,-0.5248690983708144,-0.7822532273854851,-0.1405120680105078,-0.12862134200483397,1.8219570322369745,-1.1738277983428103,-0.743120246918429,0.9622372711956514
0.8891801970441457,0.5858220235694209,-0.2315040766727799,-0.7067663522836596,0.03339574393807423,-0.20407011952265275,-0.15548054654754986,-1.3131919118405875,-0.7655464240147327,-0.07853212934204386,0.8020254020936523
-0.1103414056951318,-0.13959014363783245,-0.4769984888030284,0.13210098340852058,-0.4551744792004997,-0.11891791390655662,-0.18470968090285833,-0.21757496811786253,0.11920708272158738,-0.511287182647597,-0.7234702210949476
1.4032881984531043,0.3342972017739412,3.1781405362473367,-0.07012596358870146,-0.47857904078797636,-0.19872723603301531,-0.2439579262176728,-0.01175063780682393,0.28321017177514934,0.12754170556536243,-0.5841555523106006
0.8891801970441457,0.953996038081645,0.6959192580414918,-0.4531801806522225,-0.4200676368192848,-0.11112620881750208,-0.03224419629273578,1.0126931880594818,0.19689275648380106,0.668485522197304,-0.35660825996283374
0.7098401965526485,0.8300562708201041,0.3344969290719593,-0.6703869015010906,-0.77844998612752,0.010201770426347324,0.007254633917140529,0.3344084631708319,0.5248989345909247,0.19966754778295454,-0.461094261551094
-0.8133542076218009,0.3087801908671533,0.13673754152259265,-0.35581165061652303,1.3030932100586794,-0.03432225865396438,-0.06542321366903185,-0.6058345002955036,6.385851432873475,5.356665266340797,0.18904085944252538
0.8891801970441457,0.5858220235694209,0.09582180616755115,-0.3226421513735924,-0.466876759994238,0.3463581899827006,0.6005270636694827,0.7367014724151346,-1.0080983609834215,-1.0882939203883346,-0.1847868351288058
0.07856339482257851,0.17754984906081595,-0.09511829215597521,0.5504646674080644,-0.013413379236878999,-0.0076078412057773714,-0.1412609676719944,-0.3836377800733596,-0.47120403787123494,-0.6555388670827814,-0.5771898188713832
-0.9807382080805316,-0.36559795452652444,1.9029334510152132,-0.0626360766628784,0.9578759266433998,-0.09888210082041635,-0.17917984467347564,-0.3906545186066905,0.3695275870664977,-0.10944320457815487,-0.21032785773926946
0.14790819501262406,0.09006295452325781,-0.44972133189966745,-0.6907165945854674,-0.5195370235660604,-0.03766156083498776,-0.08596260537816755,-0.5450227663399694,-0.7888521261433967,-0.04762105410593284,2.311267647257411
0.6165833962970698,0.3999123726771097,-0.3133355473828628,-0.5280790499104528,-0.08947820439617797,0.18161928238554736,0.039643674689239114,0.4911156237485545,-0.7456934184977225,-0.5628056413744486,0.41194432949748067
0.4922409959562988,-0.18333359090661153,1.1596309253986277,-0.5922780807032217,0.3552084657658774,-0.19227125181637014,-0.25335864780762335,-0.42573821127334477,-0.828558137177417,-0.4185539569392643,1.3871470109879098
-0.40924140651429375,-0.35830737998172796,-0.7702279255141585,-0.5847881937773988,-0.19187316134138807,-0.03432225865396438,-0.013284757791995163,-0.3391984360289308,0.6802702821153515,-0.07853212934204386,-0.32642341505955863
0.040304194717725755,-0.3984055399781087,-0.6338421409973538,-0.1396749136142011,-0.054371362014962996,-0.12559651826860338,-0.27990186170866027,-0.701729926917692,0.4731084854161156,0.4984746083986939,-0.38447119371970323
-0.9998678081329578,-0.697319096314766,-0.9134329992568034,0.785861113648217,-0.2679379865006869,-0.05547117246711246,-0.1230915057754513,-0.41638255989557027,0.19689275648380106,0.668485522197304,-0.34267679308439913
-0.5455398068878317,-0.2817563472613645,0.9482329593975805,-0.1899641544018701,2.7951340112603122,-0.13861979677459454,-0.17522996165248803,-0.035139766251260134,0.5076354515326548,0.029656633984344514,-0.5353954182360792
-1.0692126083230034,-0.5515076054188356,0.15037611997427308,0.9142591752337548,0.024619033342770488,-0.03432225865396438,-0.07253300310680963,-0.6572905828732631,-0.8484111426944272,-0.9543459276985206,1.6146943033356762
-1.0046502081460644,-0.20520531454100113,0.4231476890078824,-0.5847881937773988,-0.6400705157415647,-0.0076078412057773714,-0.0456737985640937,-0.6619684085621504,0.1709975318963965,0.060567709220455526,-0.5470049739681081
0.09291059486189833,-0.697319096314766,3.137224800892296,0.48626563661529554,-0.022190089832182743,0.05249959805264341,0.09336208377467088,-0.5380060278066385,0.9392225279893964,0.2511860065098061,-0.4169779497693842
-0.5766254069730244,-0.5114094454224548,-0.4769984888030284,0.80726079057914,0.521965967076648,-0.07439388482624493,0.5926272976275074,2.1798106974368485,1.1981747738634414,0.6221189093431375,-0.644525242117151
-0.048170205524746254,-0.08855612182425678,-0.34061270428622376,0.9784582060265237,0.19722767505041042,-0.1849247870181187,-0.233688230363105,0.08648370165980813,0.06741663354677857,0.16360462667415868,-0.4564504392582825
-0.8348750076807805,-0.5296358817844461,-0.30651625815702255,0.3471677365642963,-0.4288443474145885,-0.061036676102151424,-0.09465234802434035,1.0126931880594818,-0.12248168009418782,-0.6967536340642627,-0.49127910645436923
0.2507297952944157,0.3889765108599151,-0.3337934150603835,0.5718643443389874,-0.0748503534040051,0.07810091477382264,0.007254633917140529,-0.42573821127334477,-0.0620594893902439,-0.511287182647597,-0.6826045849182057
0.358333795589314,0.21400272178479854,1.7324512203692073,-0.2969625390564849,1.3030932100586794,-0.12893582044962676,-0.07016307329421702,1.9061578946369448,-0.3814339259682328,-0.2639985807587096,-0.7940563199456835
0.996784197339044,0.19942157269520555,-0.20422691976941906,0.07111190415539012,-0.39958864543024275,0.30517346308341237,0.23950775555121323,0.38118672005970433,0.1882610149546661,-0.07853212934204386,-0.47734763957593457
-0.4283710065667202,-0.4676659981536757,0.17765327687763416,-0.6468472568770753,-0.5195370235660604,0.019106576242409634,-0.06068335404384674,-0.43977168834000646,-1.2100811127651765,-1.0728383827702792,-0.6918922295038289
0.5424561960939178,1.3148794780490722,-0.5520106702872709,-0.6885766268923751,0.06850258631928899,-0.1881527791264413,-0.23447820696730248,-0.9566714269620467,0.9219590449311268,1.5030845535722994,-0.15228007907912486
0.6524513963953693,0.2978443290499586,-0.04738326757509362,-0.7624055123040593,-0.8185302978460738,-0.029869855745933222,-0.0843826521697725,-0.4327549498066756,0.32636887942082354,-0.181569046795747,-0.811935035773008
-1.0811686083557699,-0.831101139211782,0.08218322771587074,0.785861113648217,-0.49613246197858374,-0.05435807174010465,0.35247440995145946,-0.8701316517176326,0.4731084854161156,0.21512308540101024,-0.526107773650456
0.7289697966050749,0.8118298344581127,-1.1377876147869472,-0.7174661907491211,0.5453705286641247,0.178279980204524,0.3279851352213362,0.4279649769485767,0.9046955618728572,0.3593747698361945,-0.5446830628217023
0.908309797096572,0.41449352176670273,0.552714184298847,1.031957398353831,0.521965967076648,-0.12114411536057221,-0.1175616695460686,-0.09127367451790702,-0.9666660016435743,-1.0007125405526869,0.697539400505392
-0.775095007516948,-0.5952510526876147,-0.5792878271906319,-0.4991894860537069,0.14749298167702257,-0.05213187028608907,-0.02197450043816791,-0.1450686699401103,-0.09658645550678326,-0.1970245844138025,-0.6561347978491799
0.7098401965526485,-0.31820921998534707,-0.39516701809294563,-0.6511271922632599,-0.43762105800989226,-0.21008086344849486,-0.22341853450853713,-0.37428212869558514,-1.142753528837925,-1.674058796112637,0.3887252180334228
0.1622553950519437,-0.22343175090299242,-0.12921473828517638,-0.7377958838334979,-0.3059703990803364,-0.005381639751761795,-0.04804372837668631,-0.6970521012288048,0.8097464050523739,0.12754170556536243,-0.6305937752387163
1.666320199173967,0.8482827071820954,0.3958705321045216,3.214724445307973,1.6658639146645668,-0.1618836019690574,-0.26742023136233933,-0.6128512388288344,-0.7361985028156743,0.32331184872739827,1.1363806071760851
-0.4809774067108926,-0.3911149654333122,1.2278238176570302,0.0454322918382825,0.45760342271108745,-0.16644731494978937,-0.23605816017569753,0.07478913743759003,0.5939528668240032,0.668485522197304,-0.4796695507223403
-0.8205278076414607,-0.4166319763401,-1.054592286231696,-0.7442157869127748,0.16797197306606468,0.0836664184088616,-0.007754921562612458,-0.516955812206646,-0.7974838676725317,-1.1398123791151862,-0.27998519213144296
-0.3255494062849284,-0.3911149654333122,-0.8404666045403129,0.17811028881000493,-0.022190089832182743,-0.1875962287629374,-0.15074068692236472,-0.47251646816221715,0.714797248231891,0.3078563111093429,-0.4030464828909494
0.06660739478981204,-0.34737151816453316,0.37541266442700083,-0.2595131044273697,-0.5370904447566678,-0.08107248918829167,-0.16180035938113008,-0.3391984360289308,-1.2100811127651765,2.83226078872507,-0.856515729783999
0.2794241953730553,0.09006295452325781,0.04808678158666956,0.020822663367721123,2.9414125211820408,-0.19316173239797638,-0.16970012542310534,-1.2670451614197151,0.7665876974066997,0.179060164292214,-0.4796695507223403
-0.22272780600313677,0.05725536907167354,-0.874563050669514,-0.7517056738385979,-0.4551744792004997,-0.08329869064230727,0.5610282334596064,-0.9028764315398433,0.21415623954207064,-0.2794541183767649,-0.6788895270839566
1.020696197404577,0.05725536907167354,-1.0286789871735034,-0.7345859322938594,-0.25623570570694865,-0.15142045513518418,-0.1870796107154509,-0.10296823874012513,-0.4245926336139069,-0.032165516487877514,1.521817857479445
0.09291059486189833,-0.19791473999620451,-0.5656492487389515,-0.6960665138181981,-0.800099205595936,-0.17524081069315092,-0.1933994235490311,-0.05852889469569634,-0.9951507486897192,-1.2469707732670374,-0.7877871598503878
4.153168205989394,1.3148794780490722,-0.34061270428622376,0.06255203338302096,-0.29426811828659816,-0.09888210082041635,-0.1862896341112534,-0.4865499452288789,-1.2100811127651765,-0.7791831680272253,0.4723140193040309
-0.4881510067305526,-0.2161411763581958,-0.04056397834925353,-0.47885979296933007,-0.3791096540412008,0.22725641219286688,0.3050758136996079,1.1881116513927534,-0.2778530276186147,0.09663063032925141,-0.6305937752387163
0.9298305971555518,0.5129162781214558,-0.9175245727923076,-0.6254475799461523,-0.4200676368192848,-0.11335241027151766,-0.15232064013075977,-0.046834330473478236,0.6802702821153515,0.8488001277412844,-0.5353954182360792
-0.4881510067305526,-0.19791473999620451,-0.7388591950752934,-0.8031718968574676,-0.12458504677739284,0.0057493675183161305,-0.12072157596285872,-0.8139977434509857,-0.37280218443909796,0.2872489276186024,0.7718405571903771
0.6715809964477959,-0.022940950921088235,0.20493043378099499,-0.629727515332337,-0.4844301811848454,0.04470789296358887,0.045963487522819306,-0.5988177617621727,-0.364170442909963,-1.0419273075341682,-0.6689053091544117
0.3918105956810603,-0.3109186454405506,-1.2612167497746554,-0.10543543052472433,-0.8246739952627864,-0.17724439200176495,-0.20919895563298166,-0.3485540874067053,-0.027532523273704698,-0.2639985807587096,-0.5980870191890353
0.4922409959562988,-0.4056961145229053,-0.25878123357614097,-0.010206868182117232,-0.1977243017382572,-0.1604365710239473,-0.21235886204977175,-0.4000101699844649,0.4299497777704414,-0.06307659172398854,-0.461094261551094
-0.15577420581964455,-0.3838243908885157,-0.013286821445892449,-0.2873326844375695,0.49563583529073685,0.2395005201899526,0.1210112649215843,0.2198017337930945,-0.3296434767934238,0.2511860065098061,1.3871470109879098
0.10725779490121796,-0.4749565726984722,0.9686908270751013,-0.4959795345140684,-0.5136858831691911,0.5366984143010332,0.5294291692917054,1.850023986370298,-0.45653007727170575,-0.4185539569392643,1.2292570530323166
1.1402561977322418,0.5420785763006417,-0.7845484328884229,-0.6842966915061904,0.4459011419173492,-0.15965740051504182,-0.16496026579792017,-0.1567632341623284,-0.9053806367867171,-1.1140531497517605,0.7277242454086671
0.0020449946128729877,-0.4239225508848966,-0.17013047364021788,-0.05514618973705533,-0.41421649642241565,0.09924982858697072,0.13760077360973236,0.23383521085975623,0.291841913304284,0.9209259699588765,-0.46573808384390564
1.1163441976667088,1.6137930343857296,1.9915842109511366,-0.21457378287243145,-0.16554302955547684,-0.06882838119120596,-0.0456737985640937,-0.05852889469569634,-0.6317544303131428,-0.31551703948556115,2.9846218797150885
0.2794241953730553,0.3889765108599151,-0.5315528026097504,-0.6928565622785597,-0.466876759994238,-0.15798774942453014,-0.19971923638261135,0.20576825672643279,0.8442733711689134,0.47786722490795297,-0.5609364408465427
-0.904219807870826,-0.6171227763220042,0.28676190449107775,-0.6115377899410525,-0.3937375050333736,-0.1991724763238185,-0.2439579262176728,-0.4093658213622394,-0.23469431997294052,-0.31551703948556115,-0.214971680032081
2.144560200484626,0.7790222490065285,0.9686908270751013,0.4113667673570652,0.03339574393807423,0.08032711622783822,0.09652199019146103,2.794944775525521,0.35226410400822805,-0.377339189957783,-0.686319642752455
-0.799007007582481,-0.6462850745011903,-0.11557615983349596,0.32576805963337335,-0.3615562328505933,-0.04767946737805792,-0.04330386875150114,-0.516955812206646,-0.8648114515997833,-0.6658425588281517,0.43748535210794415
0.12160499494053793,0.6660183435621825,-0.49063706725470885,-0.5516186945344681,0.13871627108171894,-0.09888210082041635,-0.05594349441866157,-0.5099390736733151,-0.11384993856505302,-0.15065797155963598,-0.5191420402112387
-0.5527134069074915,-0.6827379472251729,-0.2724198120278214,-0.6971364976647442,0.2177066664394523,-0.0766200862802605,-0.15074068692236472,-0.3579097387844798,-0.939044428750343,-1.2170900672054636,0.697539400505392
-0.17729500587862418,-0.12136370727584117,-0.44972133189966745,-0.3964710367852766,-0.7597263368575389,0.08923192204390057,0.0633429728151649,-0.6198679773621653,0.24868320565860985,-0.6040204083559298,-0.653812886702774
-0.8994374078577194,-0.8187071624856279,-0.6713482317394751,2.4229363988638237,0.22648337703475616,-0.11557861172553324,-0.09939220764952551,-0.4959055966066534,-0.594637941737863,-0.8667645478628729,1.1921064746898238
0.8270089968737602,0.21400272178479854,-0.12921473828517638,-0.7196061584422134,-0.5107603129707566,0.01465417333437848,-0.01565468760458772,-0.6245458030510526,-0.15700864621072716,-0.4855279532841712,-0.5911212857498179
-0.06251740556406589,-0.34737151816453316,-0.4019863073187859,0.07111190415539012,-0.013413379236878999,0.024672079877448596,-0.07490293291940218,-0.3579097387844798,0.8874320788145875,0.379982153326935,-0.5121763067720213
0.1622553950519437,-0.5077641581500565,-0.5792878271906319,-0.07012596358870146,-0.4727279003911071,-0.09999520154742415,-0.10097216085792056,-0.2362862708734115,0.8442733711689134,0.8024335148871181,-0.214971680032081
-0.7583566074710749,-0.4749565726984722,-0.5656492487389515,0.18774014342892018,0.5717006604500359,0.0836664184088616,0.06729285583615253,1.8219570322369745,0.8874320788145875,0.9672925828130429,-0.5864774634570064
-0.2442486060621164,0.12287053997484208,0.15037611997427308,-0.6607570468821753,-0.5956018487253593,0.03468998642051875,-0.02197450043816791,-0.3906545186066905,0.9219590449311268,-0.016709978869821826,-0.4076903051837611
2.3358562010088897,0.7972486853685198,-0.49063706725470885,-0.6404273537977984,0.4341988611236108,-0.180249763964686,0.026214072417881148,-1.211379035721957,-0.6257122112427485,-1.2222419130781488,0.059013835243801466
1.546760198846302,0.12287053997484208,-0.40880559654462606,-0.6982064815112904,-0.3791096540412008,-0.06771528046419815,-0.13415117823421666,-0.2362862708734115,-0.4789726052474563,-0.511287182647597,5.190437468800583
-0.5120630067960856,-0.4968282963328618,1.0300644301076634,-0.4531801806522225,-0.690682880174483,-0.2187630491191556,-0.22183858130014208,-0.7672194865621134,-0.9450866478207373,1.2764033351741524,1.1735311855185775
-0.33511420631114175,-0.16510715454462024,0.17765327687763416,-0.7110462876698442,-0.5019836023754528,-0.11001310809049428,-0.15074068692236472,-0.21757496811786253,-1.119447826709261,-0.542198257883708,1.5682560804075607
2.479328201402087,2.0621633688907153,0.9277750917200599,-0.2969625390564849,-0.4405466282083268,0.20165509547168758,0.08941220075368325,-0.5871231975399546,0.33500062094995814,0.23057862301906557,-0.5864774634570064
0.07856339482257851,0.133806401792037,-0.7443146264559656,-0.4745798575831454,0.4224965803298725,-0.19126946116206314,-0.29775533296352436,-0.3906545186066905,0.8270098881106438,0.5809041423616561,-0.22890314691051566
-0.7870510075497146,-0.5369264563292425,1.6506197496591248,-0.4050309075576458,-0.5019836023754528,-0.1796932136011821,-0.15864045296433998,1.0992329633038957,1.3621778629170034,1.3897439443732258,-0.5632583519929486
-0.16773020585241102,-0.012005089103893436,-0.4224441749963065,0.03794240491245943,1.6892684762520433,-0.11446551099852545,-0.07727286273199474,2.055848316681337,0.38679107012476727,0.4984746083986939,-0.4123341274765726
0.5257177960480447,-0.19062416545140803,0.13673754152259265,-0.6051178868617755,-0.758556108778165,1.7677878183716518,1.6274966491262668,0.12624522001534969,0.024257925901104416,-0.001254441251766502,-0.3798273714268916
0.8676593969851659,0.2978443290499586,-0.9884451807410459,2.134040760296364,0.9929827690246148,0.04693409441760445,0.026214072417881148,-0.16611888554010287,0.9651177525768009,0.7560669020329517,-0.6514909755563684
0.4922409959562988,-0.022940950921088235,-0.9850355361281258,0.37926725196068073,-0.3849607944380699,0.087005720589885,0.2292380596966454,0.6104001788151792,-0.5350789251868328,-0.6143241001013001,-0.6004089303354411
-1.0046502081460644,-0.5624434672360303,-0.29969696893118236,0.42206660582252664,0.009991182350597616,-0.13116202190364235,-0.21551876846656187,0.35078085308193724,0.08468011660504818,-0.3927947275758385,-0.6990901540576868
-0.18925100591139066,0.2869084672327637,1.5756075681748822,-0.08403575359380136,0.16797197306606468,-0.07439388482624493,-0.0512036347934764,1.5249151009926347,-1.1254900457796553,-0.8461571643721322,0.8949018479498836
-0.49771580675676574,-0.8285494381211032,-1.1159658892642583,-0.6907165945854674,-0.3791096540412008,0.08032711622783822,-0.0014351087290322704,-0.22693061949563703,1.068698650926419,0.4572598414172124,-0.5214639513576445
-0.15577420581964455,0.8482827071820954,-1.080505585289889,-0.7270960453680365,0.3552084657658774,0.16269657002641486,0.1628800249440532,1.0126931880594818,-0.22606257844380573,-0.542198257883708,-0.34267679308439913
0.7672289967099277,0.37439536177032184,-0.17013047364021788,-0.46388001911768395,-0.8474934428105761,-0.13004892117663455,-0.1175616695460686,1.0337434036594744,1.26722870609652,0.8230408983778587,-0.11745141188303812
-0.5120630067960856,-0.5770246163256234,-0.4224441749963065,-0.521659146831176,-0.5370904447566678,-0.04767946737805792,0.007254633917140529,-0.18716910114009547,-1.11426878179178,-0.47522426153880093,0.6557449998700879
-0.09838540566236532,-0.4093414017953035,-0.8179629500950402,-0.5248690983708144,-0.4932068917801492,0.37307260743088766,0.4370019066005948,4.79705417036926,-0.4245926336139069,-0.1661135091776915,0.46070446357200195
-0.354243806363568,-0.19062416545140803,-0.2724198120278214,1.031957398353831,0.4341988611236108,-0.012060244113808526,0.1210112649215843,0.9705927568594966,-1.2100811127651765,1.2506441058107265,-0.6972326251405623
0.2650769953337357,-0.0010692272866986363,0.06172536003834998,-0.687506643045829,-0.4902813215817146,-0.03432225865396438,-0.040933938938908586,-0.5099390736733151,0.1709975318963965,0.9930518121764687,-0.37518354913408003
-0.2848990061735225,0.017157209075292654,0.02080962468330872,-0.6404273537977984,0.03339574393807423,0.12151184312712658,0.35879422278503975,-0.3906545186066905,-0.9606237825731799,0.14299724318341775,1.3476745214990113
0.10725779490121796,-0.30362807089575405,0.2185690122326754,1.0961564291466,0.16797197306606468,-0.0187388484758553,-0.12467145898384635,-0.4865499452288789,-0.9545815635027857,-0.7328165551730588,0.9784906492204917
-0.8563958077397601,0.4691728308526766,-0.5042756457063894,-0.5601785653068373,-0.08947820439617797,-0.23022798660733587,-0.26441832026638873,-0.9660270783398212,0.4903719684743852,0.1120861679473071,-0.579511730017789
-1.2932680489370472,-0.544217030874039,0.17765327687763416,0.13210098340852058,-0.665815533487789,1.2334994694079113,2.0145851851830545,1.2325509954371823,-0.4858779984707641,-0.743120246918429,-0.7968426133213703
-1.0716038083295567,-0.5332811690568443,-1.2612167497746554,0.37926725196068073,-0.7889820388418847,-0.06882838119120596,-0.09939220764952551,-0.25733648647340407,0.4644767438869806,0.7354595185422108,-0.5214639513576445
-0.5383662068681718,-0.749446704310061,-0.49745635648054914,-0.7377958838334979,-0.4288443474145885,-0.02430435211089426,-0.09465234802434035,-0.6923742755399175,-0.2519578030312103,-0.40309841932120877,1.0992300288335926
0.908309797096572,-0.17239772908941672,-0.12921473828517638,-0.7345859322938594,-0.3849607944380699,-0.16923006676730884,-0.2588094863765863,-0.5029223351399842,-0.20879909538553612,-0.5525019496290783,-0.4076903051837611
-1.0285622082115975,-0.6535756490459868,3.25997200695742,0.7216620828554482,0.2674413598128402,0.23504811728192138,0.17709960381960874,1.0758438348594597,-0.47120403787123494,-0.9594977735712058,0.6696764667485224
-0.354243806363568,0.046319507254478746,0.9277750917200599,1.0961564291466,0.8291508379122783,0.11483323876507981,0.010414540333930623,-0.6572905828732631,-1.2100811127651765,1.3073144104102634,-0.807523404594837
0.2052969951699033,0.8482827071820954,-0.1360340275110167,0.16848043419108955,0.20600438564571405,-0.0009292368437306009,-0.040933938938908586,-0.5520395048733002,-0.828558137177417,-0.9749533111892611,1.3058801208637074
0.0020449946128729877,-0.07032968546226549,-0.04056397834925353,-0.0027169812562941654,-0.3615562328505933,0.6424429833667735,0.97181606764232,3.65332578943633,-0.5557951048567563,-0.8770682396082432,-0.717201060999652
-0.799007007582481,-0.4676659981536757,0.13673754152259265,-0.6147477414806909,0.18552539425667194,-0.0766200862802605,-0.07727286273199474,-0.5941399360732854,-0.4409929425192631,-0.7843350138999103,-0.6788895270839566
-0.4618478066584663,0.10099881634045249,-0.5588299595131112,0.17811028881000493,-0.3205982500725093,0.19831579329066423,0.2663669600939292,-0.47251646816221715,0.3695275870664977,-0.016709978869821826,-0.5516487962609197
0.025956994678405943,-0.19062416545140803,-0.17013047364021788,2.7332317143622067,0.8759599610872315,-0.10556070518246312,-0.13415117823421666,-0.16611888554010287,-0.4409929425192631,-0.6967536340642627,-0.6709950291861768
-0.2107718059703703,-0.19791473999620451,-0.17013047364021788,0.5825641828044489,-0.013413379236878999,0.39644772269805123,0.3903932869529408,2.2429613442368264,-1.1634697085078485,-0.5525019496290783,0.49785504191449453
-0.6746646072417096,-0.4093414017953035,-0.9100233546438833,1.1710552984048304,-0.5107603129707566,-0.12893582044962676,-0.15864045296433998,-0.2362862708734115,-0.11384993856505302,-0.377339189957783,-0.5446830628217023
-1.1505134085458155,-0.4421489872468879,-0.1360340275110167,-0.7110462876698442,-0.03681794082435561,-0.10556070518246312,-0.17917984467347564,-0.5520395048733002,0.32636887942082354,-0.47522426153880093,-0.6398814198243394
-0.4809774067108926,-0.059393823645070815,0.2458461691360365,-0.7206761422887595,-0.1772453103492152,0.779354372788732,1.5247996905805885,2.579764793836708,-0.6006801608082574,-0.7585757845364846,-0.46573808384390564
0.3105097954582481,-0.10678255818624807,-0.0746604244784547,-0.4745798575831454,-0.1392128977695657,-0.1656681444408839,-0.1475807805055746,1.1881116513927534,-0.6887239244054327,-0.6555388670827814,-0.06869127780851662
0.06660739478981204,-0.5077641581500565,0.37541266442700083,3.1826249299115887,1.4025625968054551,0.1014760300409863,0.0633429728151649,-0.5239725507399768,-0.07932297244851366,-0.7122091716823182,-0.6689053091544117
-1.114645408447516,-0.6244133508668008,0.7504735718482137,-0.521659146831176,-0.31767267987407466,-0.20941300301229016,-0.220258628091747,-0.42573821127334477,1.4571270197374864,1.3073144104102634,-0.24051270264254457
-0.23229260602934992,-0.4421489872468879,-0.8179629500950402,-0.7538456415316902,-0.802732218774527,0.5021922917637915,0.6874244901312105,0.3975591099708097,0.1709975318963965,-0.1248987421962102,-0.7125572387068404
0.07856339482257851,-0.2671751981717715,-0.436082753447987,0.4648659596843726,-0.5897507083284901,-0.18314382585490624,-0.15390059333915482,-0.3485540874067053,0.19689275648380106,-0.07853212934204386,-0.6050527526282526
-1.1600782085720287,-0.900361597387349,0.3004004829427582,-0.34725177984415384,-0.5136858831691911,-0.12448341754159559,-0.15074068692236472,-0.19652475251786994,-1.0935526021218565,-0.6658425588281517,1.0992300288335926
0.358333795589314,-0.13229956909303597,-0.40880559654462606,-0.4820697445089685,0.5717006604500359,-0.19950640654192078,-0.1957693533616237,-1.1615601921353078,-1.03744628218248,-0.9955606946800019,1.2478323422035626
0.3272481955041212,-0.30362807089575405,-0.8663799035985058,1.406451744644983,-0.20357544213512632,-0.063262877556167,-0.1807597978818707,-0.32282604611782545,-1.1522484445199732,0.5602967588709156,-0.8233124003903963
-1.1576870085654754,-0.8620860810271672,-0.19058834131773864,0.6788627289936022,0.08605600750989648,-0.15142045513518418,-0.24474790282187034,-0.6128512388288344,-1.1582906635903676,-1.0419273075341682,0.5605466428674507
-0.09838540566236532,-0.4056961145229053,-0.5792878271906319,0.4434662827534496,-0.5429415851535369,-0.11891791390655662,-0.14284092088038947,-0.3391984360289308,-0.3296434767934238,-0.44946503217537515,-0.5632583519929486
-0.06251740556406589,-0.5879604781428183,-0.0746604244784547,-0.7281660292145825,-0.43762105800989226,-0.18381168629111094,-0.0930723948159453,-0.06788454607347082,0.24868320565860985,0.2872489276186024,-0.5539707074073253
0.908309797096572,1.1471962635187527,-0.52473351338391,0.8928594983028318,0.12116284989111145,0.026898281331464213,-0.07964279254458735,-0.31347039474005095,0.38679107012476727,0.060567709220455526,-0.3937588383053263
-0.33511420631114175,-0.3838243908885157,-0.013286821445892449,-0.36972144062162293,1.6190547914896134,-0.20740942170367613,-0.09465234802434035,1.3027183807704907,0.21415623954207064,0.539689375380175,2.7524307650745103
-0.33511420631114175,-0.4931830090604635,-0.17013047364021788,0.08823164570012842,0.4839335544969986,-0.029869855745933222,0.03253388525146139,-0.37428212869558514,-0.3382752183225586,-0.3309725771036165,1.939761863832486
4.511848206972388,8.784073099193103,-0.11557615983349596,-0.5088193406726222,0.24696236842379807,-0.0076078412057773714,-0.027504336667550613,-0.27604778922895307,-1.0728364224519327,0.07602324683851085,-0.8058980667923529
-0.024258205459213297,0.14474226360923168,0.02080962468330872,0.8821596598373703,0.15919526247076082,-0.0187388484758553,-0.06779314348162446,-0.5941399360732854,-0.07932297244851366,-0.09398766696009918,-0.570224085432166
1.2598161980599065,0.5858220235694209,-0.5929264056423124,0.5504646674080644,-0.6213468664715834,-0.2012873677051333,-0.24632785603026539,-0.035139766251260134,1.0255399432807446,1.0188110415398945,-0.2915947478634719
-1.0357358082312573,-0.5478623181464374,-0.10875687060765588,0.764461436717294,0.13871627108171894,-0.10333450372844752,-0.0512036347934764,-0.25733648647340407,-0.3296434767934238,-0.42885764868463455,-0.865338992140341
0.1909497951305833,0.05725536907167354,0.49134058126628477,-0.7281660292145825,-0.3878863646365045,0.09924982858697072,0.06729285583615253,-0.6385792801177143,0.09331185813418313,0.09663063032925141,-0.8697506233185119
-0.4809774067108926,-0.5187000199672512,-0.20422691976941906,-0.6275875476392446,-0.3849607944380699,-0.12448341754159559,-0.10334209067051314,-0.5988177617621727,-0.9727082207139687,-1.345371029435324,-0.6990901540576868
0.21964419520922293,-0.20520531454100113,0.08218322771587074,-0.1899641544018701,-0.12458504677739284,0.054725799506659026,-0.07016307329421702,-0.4093658213622394,-1.0400358046412204,-1.0522309992795384,0.449094907839973
0.014000994645639466,0.36345949995312715,-0.8902474158889465,1.2245544907321377,-0.13336175737269657,0.8171997975069968,0.7980212147188642,2.6499321791700163,0.15373404883812689,0.6890929056880445,-0.505210573332804
0.6907105965002223,1.3586229253178514,1.1596309253986277,-0.2434633467291775,2.590344097369892,-0.10556070518246312,-0.0456737985640937,-0.32282604611782545,2.000926736072981,5.253628348887093,0.40033477376545173
-1.1050806084213027,-0.6863832344975712,1.5483304112715213,0.7751612751827556,0.9929827690246148,-0.012060244113808526,-0.05594349441866157,-0.7672194865621134,-0.8320108337890708,-0.8667645478628729,0.8182787801184928
0.9513513972145312,0.7462146635549443,-0.3337934150603835,-0.05514618973705533,-0.013413379236878999,-0.2032909490137473,-0.23684813677989508,-0.5239725507399768,-0.12248168009418782,-0.2382393513952838,-0.6143403972138758
-0.14381820578687807,-0.4166319763401,0.2185690122326754,-0.276632845972108,-0.273789126897556,-0.051018769559081266,-0.1957693533616237,-0.27604778922895307,1.2240699984508459,0.5190819918894344,-0.38447119371970323
1.8576161996982306,0.727988227192953,-0.7647724941334864,-0.5601785653068373,-0.466876759994238,-0.16923006676730884,-0.19023951713224102,-0.6689851470954813,-0.935591732138689,-0.542198257883708,1.962980975296544
-0.354243806363568,-0.3728885290713209,0.02080962468330872,0.08823164570012842,0.5073381160844751,-0.2032909490137473,-0.18233975109026576,0.2198017337930945,-0.9260968164566405,-0.6349314835920409,2.0326383096887173
4.679232207431119,2.033001070711529,0.03444820313498914,-0.09152564051962443,0.12993956048641508,-0.16644731494978937,-0.19734930657001876,-0.5730897204732929,-0.20016735385640133,-0.6658425588281517,-0.28462901442425453
-0.09838540566236532,-0.18333359090661153,0.8050278856549357,0.17811028881000493,0.13871627108171894,-0.21353147570221898,-0.28393074239006766,-1.2616656618774946,-0.8156105248837148,-0.8203979350087064,-0.7204517366046201
0.358333795589314,0.16661398724362128,-0.3815284396412651,-0.6885766268923751,-0.5751228573363172,-0.14329481982802728,-0.07490293291940218,1.6816222615703573,1.8541871300776889,2.007965449095445,-0.11048567844382066
1.3793761983875714,0.6951806417413687,-1.2612167497746554,3.364522183824434,0.07727929691459284,-0.11112620881750208,-0.1112418567124884,-0.046834330473478236,-1.0900999055102023,-0.6143241001013001,1.3871470109879098
-0.354243806363568,-0.13229956909303597,-0.42926346422214684,-0.1257651236091012,-0.5107603129707566,-0.07105458264522153,-0.17917984467347564,-0.7859307893176624,1.7678697147863405,1.0651776543940612,-0.25676608066738515
0.6715809964477959,0.8993167289956712,0.06854464926419031,1.0105577214229082,0.09483271810520033,-0.13227512263065014,-0.15548054654754986,-0.3298427846511563,1.0428034263390147,-0.34127626884898693,-0.8528006719497498
-0.6483614071696233,-0.5515076054188356,-0.39516701809294563,-0.7345859322938594,-0.43762105800989226,-0.14607757164554674,-0.16180035938113008,-0.09127367451790702,-0.4409929425192631,-0.5525019496290783,1.3267773211813592
-0.5288014068419585,-0.5660887545084287,0.5049791597179651,-0.687506643045829,-0.5049091725738875,0.021332777696425248,-0.0820127223571799,-0.6245458030510526,-0.24332606150207547,0.014201096366288822,-0.46573808384390564
-0.20120700594415714,-0.20520531454100113,3.3418034776675025,0.5932640212699104,0.5980307922359469,0.0057493675183161305,-0.013284757791995163,-0.16611888554010287,2.380723363354914,2.074939445440352,3.7508525580289973
-0.7153150073531157,-0.3510168054369315,1.070980165462705,-0.5184491952915375,0.24696236842379807,0.05027339659862783,0.039643674689239114,-0.5309892892733077,1.5348126934996997,1.0188110415398945,-0.4494847058190651
-0.2633782061145429,-0.8238105646669854,-0.2724198120278214,0.30436838270245037,0.5336682478703865,-0.20473797995885742,-0.19734930657001876,-0.19652475251786994,-0.6887239244054327,-0.1403542798142657,1.2478323422035626
0.13356099497330443,0.17754984906081595,-0.9243438620181477,-0.7517056738385979,-0.12458504677739284,0.5155495004878851,0.5057298711657795,0.11221174294868795,0.00699444284283466,0.32331184872739827,-0.26837563639941403
-0.6340142071303037,-0.22343175090299242,0.28676190449107775,-0.6714568853476367,-0.7205236961985155,0.12485114530814992,0.10442175623343629,0.5589440962374195,0.024257925901104416,0.16360462667415868,-0.3937588383053263
-0.7870510075497146,-0.4749565726984722,2.209801466178024,-0.3611615698492538,-0.6511876824956162,0.007975568972331707,-0.03224419629273578,-0.7251190553621282,3.0971579102731046,1.9409914527505379,-0.24515652493535622
0.2507297952944157,0.14474226360923168,0.3140390613944388,-0.10543543052472433,-0.37618408384276614,-0.09999520154742415,-0.13731108465100675,-0.7087466654510228,0.26594668871687976,0.379982153326935,-0.34732061537721065
-0.3255494062849284,-0.4275678381572948,-0.7388591950752934,-0.6757368207338214,0.9929827690246148,-0.12893582044962676,-0.21393881525816683,-0.32282604611782545,0.09331185813418313,-0.4185539569392643,-0.6491690644099626
1.7141441993050328,0.26139145632597605,-0.02692539989757287,0.16848043419108955,-0.0075622388400098705,0.021332777696425248,-0.09939220764952551,-0.5941399360732854,0.08468011660504818,-0.7688794762818548,-0.46573808384390564
1.1163441976667088,0.2978443290499586,-0.7061266067912603,-0.6147477414806909,0.050949165128681716,-0.04322706447002672,-0.09070246500335272,0.2759356420597414,-0.2519578030312103,-0.3052133477401907,-0.4378751500870362
0.21964419520922293,-0.07032968546226549,-0.2110462089952594,0.6788627289936022,-0.4083653560255465,-0.12782271972261897,-0.1444208740887845,0.013977403482055896,-0.935591732138689,-0.1661135091776915,0.49785504191449453
0.0020449946128729877,-0.12136370727584117,-0.6406614302231941,0.020822663367721123,-0.8431050875129242,-0.17134495814862366,-0.16180035938113008,-0.516955812206646,-0.935591732138689,-0.5525019496290783,-0.11048567844382066
-0.2944638061997356,-0.4749565726984722,1.5483304112715213,-0.11292531745054739,0.4107942995361342,-0.12670961899561117,0.1210112649215843,-0.06788454607347082,1.0255399432807446,0.8230408983778587,-0.5377173293824848
-0.06251740556406589,0.21400272178479854,-0.7061266067912603,-0.543058823762099,-0.4405466282083268,0.17494067802350058,0.4978301051238043,2.474513715836745,0.5766893837657335,-0.181569046795747,-0.43323132779422463
-0.7392270074186487,-0.6353492126839955,0.10946038461923181,-0.5377089045293683,0.4341988611236108,0.15601796566436815,0.14550053965170762,0.6267725687262845,-0.935591732138689,-0.938890390080465,1.21068176386107
-0.5766254069730244,-0.3984055399781087,0.6209070765572494,-0.1653545259313087,0.8759599610872315,-0.2167594678105416,-0.16496026579792017,0.07478913743759003,-1.0210459732771238,-1.0161680781707425,1.21068176386107
-0.2944638061997356,-0.2161411763581958,-0.11557615983349596,1.8772446371252882,1.3235722014477216,-0.1604365710239473,-0.10097216085792056,0.9097810229039626,-0.364170442909963,-0.181569046795747,-0.6259499529459047
0.09291059486189833,-0.4056961145229053,0.06854464926419031,-0.7078363361302057,-0.6187138532929924,-0.012060244113808526,0.5610282334596064,1.2559401238816184,0.7493242143484301,1.1424553424843384,-0.5841555523106006
0.07856339482257851,-0.32549979453014355,-0.9175245727923076,1.363652390783137,-0.16554302955547684,-0.19071291079855923,-0.1862896341112534,0.0373665319264921,-1.055572939393663,-1.1140531497517605,-0.7007154918601709
-1.0787774083492165,-0.6681567981355799,0.3617740859753204,-0.456390132191861,0.9578759266433998,-0.17902535316497745,-0.2194686514875495,-0.4959055966066534,-0.37280218443909796,-0.1970245844138025,-0.6468471532635567
-0.1318622057541116,-0.3400809436197367,-0.2110462089952594,-0.7089063199767519,-0.8492487849296368,-0.11223930954450988,-0.1862896341112534,-0.1357130185623358,-0.4634354704950136,0.9930518121764687,4.145577452917981
0.21964419520922293,-0.08855612182425678,-0.1360340275110167,0.004772905669528902,-0.3469283818584204,-0.17067709771241898,-0.1412609676719944,-0.4865499452288789,-1.2014493712360417,1.4155031737366517,-0.5655802631393543
1.4272001985186373,1.2529095944183024,-0.6133842733198331,-0.2969625390564849,-0.054371362014962996,-0.15052997455357792,-0.06779314348162446,4.474284197836041,-1.0400358046412204,-0.10944320457815487,0.9274086039995647
-0.4188062065405071,-0.6900285217699693,-0.3133355473828628,-0.673596853040729,1.0602708835886099,-0.17134495814862366,-0.0630532838564393,0.30634150903750845,-0.1483769046815922,-0.6040204083559298,-0.6352375975315278
-0.3446790063373549,-0.30362807089575405,-0.30651625815702255,-0.3515317152303384,0.363985176361181,-0.21809518868295094,-0.16654021900631524,-0.3579097387844798,-0.09658645550678326,-0.34127626884898693,-0.6628683401737566
0.3105097954582481,0.32336133995674626,-1.2612167497746554,4.980197792109117,-0.5634205765425789,-0.205962390758566,-0.22341853450853713,-0.5239725507399768,0.024257925901104416,0.3078563111093429,-0.46805999499031137
-0.14381820578687807,0.16661398724362128,-1.132332183406275,-0.8607370278016503,21.460271877272895,-0.15052997455357792,-0.2313183005505124,-0.8139977434509857,0.8270098881106438,1.5339956288084102,2.2880485357933535
-0.6555350071892834,-0.4056961145229053,4.630649141351308,0.51836515201168,0.024619033342770488,-0.16266277247796287,-0.13731108465100675,-0.10296823874012513,-0.4789726052474563,-0.5318945661383377,-0.5144982179184271
1.3793761983875714,1.0706452307983891,-0.5929264056423124,2.166140275692748,-0.21527772292886457,-0.012060244113808526,-0.09070246500335272,-0.6128512388288344,-0.6835448794879518,-0.6658425588281517,-0.13834861220069014
-0.33511420631114175,0.10099881634045249,0.5049791597179651,0.5932640212699104,0.20600438564571405,-0.21264099512061274,-0.2407980198008827,0.19173477965977107,-1.0952789504276832,-0.1248987421962102,0.43748535210794415
-0.3040286062259488,-0.0010692272866986363,-0.44972133189966745,-0.6939265461251057,-0.4756534705895417,-0.13450132408466572,-0.19971923638261135,-0.7134244911399101,1.5089174689122955,3.2186492291764566,-0.2962385701562834
-0.6890118072810294,-0.7702248417627311,9.786031796086524,3.1826249299115887,1.3030932100586794,-0.09999520154742415,-0.2012991895910064,-0.12401845434011771,0.38679107012476727,-0.3927947275758385,-0.4796695507223403
-0.4188062065405071,-0.6572209363183851,-0.5724685379647917,-0.5633885168464757,0.15919526247076082,-0.17724439200176495,-0.15074068692236472,-1.2691501829797143,-1.055572939393663,-0.9594977735712058,1.0458260724662596
1.020696197404577,0.2978443290499586,1.2278238176570302,1.738146737074289,1.26506079747903,-0.08107248918829167,-0.2107789088413767,-0.2362862708734115,-0.8406425753182059,-0.181569046795747,1.939761863832486
-0.6268406071106437,-0.13959014363783245,0.28676190449107775,0.9249590136992163,0.37568745715491925,1.0331413385465087,1.3194057734892315,0.5238604035707651,0.4299497777704414,-0.8203979350087064,-0.6050527526282526
-0.3638086063897812,0.12287053997484208,-0.25878123357614097,-0.644707289183983,-0.43762105800989226,-0.1604365710239473,-0.1807597978818707,-0.294759091984502,-1.0935526021218565,-0.8513090102448174,1.029572694441419
-1.0524742082771303,-0.5515076054188356,-0.04056397834925353,-0.6821567238130982,-0.47857904078797636,-0.0031554382977462174,-0.1444208740887845,-0.6385792801177143,-0.5816903294441609,-0.8307016267540769,-0.644525242117151
0.633321796342943,0.046319507254478746,-0.6713482317394751,-0.08403575359380136,-0.5751228573363172,-0.1808063143281899,-0.19023951713224102,-0.294759091984502,0.6284798329405427,0.6478781387065633,-0.13138287876147284
-0.6411878071499635,-0.10678255818624807,0.2185690122326754,-0.6318674830254293,-0.23283114411947206,-0.0031554382977462174,-0.07016307329421702,-0.1357130185623358,0.5248989345909247,-0.016709978869821826,-0.6788895270839566
-0.1103414056951318,-0.3911149654333122,1.1391730577211072,-0.3376219252252385,-0.060222502411832225,-0.11223930954450988,-0.10334209067051314,-0.6385792801177143,0.09331185813418313,-0.3309725771036165,-0.5446830628217023
-0.4618478066584663,-0.23072232544778892,-0.3542512827379041,-0.6607570468821753,-0.4902813215817146,-0.22766785493521796,-0.28685365582559846,-1.286925920597486,0.7320607312901606,0.4418043037991571,-0.6259499529459047
-0.5455398068878317,-0.4931830090604635,-0.2724198120278214,-0.5280790499104528,-0.614032940975497,-0.2097469332303925,-0.2888285973360923,-0.7251190553621282,1.0255399432807446,0.668485522197304,0.641813532991653
-0.15577420581964455,0.727988227192953,1.0096065624301425,0.150290708799805,1.2065493935103386,0.08032711622783822,0.18104948684059635,-0.26669213785117857,-0.23469431997294052,-0.6143241001013001,-0.3984026605981379
0.5257177960480447,1.1471962635187527,0.06172536003834998,-0.5954880322428602,-0.4902813215817146,0.2061074983797188,0.0633429728151649,-0.3391984360289308,-0.3296434767934238,-0.28975781012213536,-0.5562926185537311
-1.0955158083950898,-0.0010692272866986363,0.3617740859753204,1.8558449601943652,0.9081412332700118,0.0836664184088616,0.01989425958430096,-0.7859307893176624,0.3695275870664977,0.060567709220455526,-0.5423611516752964
-0.9998678081329578,-0.022940950921088235,0.5390756058471664,-0.6275875476392446,-0.18602202094451883,0.0035231660643005535,-0.10097216085792056,-0.3391984360289308,1.0255399432807446,0.5190819918894344,-0.7940563199456835
-0.5048894067764256,-0.15052600545502726,1.7870055341759294,-0.4489002452660379,-0.5078347427723221,-0.02207815065687868,0.004884704104547974,-0.47953320669554805,-1.0003297936072002,-1.0831420745156495,0.3329993505196839
1.0685201975356429,-0.13959014363783245,-0.5520106702872709,-0.7452857707593209,-0.2445334249132103,-0.1405120680105078,-0.21314883865396927,-0.5099390736733151,-1.1790068432602911,-0.10944320457815487,-0.8697506233185119
-0.5288014068419585,-0.6535756490459868,0.8050278856549357,-0.6382873861047061,-0.5985274189237938,-0.11335241027151766,-0.15548054654754986,-0.4561440782511118,-1.0080983609834215,-1.2170900672054636,0.8647170030466085
-0.16773020585241102,0.3999123726771097,0.37541266442700083,-0.2969625390564849,-0.32644939046937843,-0.13661621546598052,-0.17365000844409298,0.10051717872646986,-1.2100811127651765,0.9672925828130429,-0.686319642752455
0.5089793960021716,-0.16510715454462024,-0.52473351338391,0.15992056341872038,-0.6087669146183148,-0.21620291744703768,-0.18470968090285833,-1.2951121155530385,0.44721326082871105,0.3078563111093429,-0.4982448398935866
4.009696205596197,0.44365581994588893,-0.21786549822109946,-0.20280396056042382,-0.548792725550406,-0.22032139013696653,-0.12467145898384635,-0.01175063780682393,-1.1004579953451643,-0.3052133477401907,-0.4169779497693842
-0.6196670070909839,-0.9324401253844535,-0.15649189518853746,-0.5516186945344681,-0.054371362014962996,0.07476161259279926,0.10837163925442392,-0.32282604611782545,1.111857358572093,0.179060164292214,-0.6027308414818469
-0.6555350071892834,-0.5114094454224548,-0.7995508691852715,-0.6147477414806909,1.6190547914896134,-0.18314382585490624,-0.27603097634809237,-0.6432571058066014,-0.3814339259682328,-0.1970245844138025,-0.61201848606747
0.3439865955499944,-0.17239772908941672,-0.2792391012536616,0.4113667673570652,-0.522462593764495,-0.19371828276148026,-0.18312972769446328,-0.2854034406067275,-0.8872539795755339,-0.9646496194438908,1.7540089721200234
-0.09838540566236532,0.9357696017196537,-0.6774855920427313,4.627103122748888,0.6828723279905495,-0.15798774942453014,-0.2107789088413767,0.2759356420597414,-0.0620594893902439,-0.377339189957783,-0.6259499529459047
-0.5216278068222987,-0.2963374963509576,-0.8268280260886324,-0.6233076122530601,0.7998951359279325,-0.1478585328087592,-0.21867867488335196,-0.44912733971778096,0.291841913304284,0.6221189093431375,-0.07565701124773391
-0.8205278076414607,-0.4931830090604635,-0.6945338151073318,-0.6639669984218137,-0.7881043677823543,0.9329622731158073,1.0271144299361468,2.685015871836671,-0.32101173526428883,-0.5834130248651893,-0.505210573332804
0.2650769953337357,0.11193467815764742,-0.7702279255141585,4.477305384232428,1.8326214159753371,0.28513764999727204,0.36511403561861994,1.141333394503881,-1.0780154673694138,-1.129508687369816,1.1363806071760851
-0.6746646072417096,-0.35830737998172796,0.3004004829427582,3.40732153768628,2.3270427795107804,-0.1451870910639405,-0.22736841752952475,-5.6073584605827475e-05,1.4053365705626772,2.3995057354195164,1.5682560804075607
-0.2848990061735225,-0.5806699035980216,-0.6945338151073318,-0.6543371438028983,-0.12458504677739284,-0.17724439200176495,-0.26623526645604306,-0.42573821127334477,-0.0620594893902439,-0.44946503217537515,-0.5470049739681081
0.6524513963953693,0.6951806417413687,-0.10875687060765588,-0.8200776416328968,-0.4434721984067614,-0.12670961899561117,-0.19734930657001876,-0.6619684085621504,0.5421624176491943,0.16360462667415868,-0.6329156863851221
1.4511121985841702,0.5566597253902348,-0.06102184602677404,0.3364678980988348,-0.14506403816643484,-0.063262877556167,-0.029874266480143172,1.2793292523260547,0.08468011660504818,-0.1403542798142657,-0.740884554692991
-0.18925100591139066,0.2869084672327637,0.03444820313498914,-0.666106966114906,-0.1392128977695657,-0.13004892117663455,0.01989425958430096,0.4607097567707874,0.21415623954207064,0.14299724318341775,-0.5609364408465427
-0.7583566074710749,-0.13959014363783245,-0.08147971370429478,-0.17819433208986238,0.39909201874239597,-0.0076078412057773714,-0.08833253519076013,1.375224678948243,0.26594668871687976,-0.15065797155963598,-0.6844621138353304
-0.40924140651429375,-0.48224714724326867,-0.20422691976941906,0.8714598213719089,-0.6353896034240695,-0.10556070518246312,-0.09070246500335272,-0.294759091984502,-0.4409929425192631,-0.8461571643721322,-0.48431337301515187
-0.6483614071696233,-0.059393823645070815,1.371028891399675,-0.5997679676290448,-0.5546438659472752,-0.08329869064230727,-0.13731108465100675,-0.5801064590066237,0.8270098881106438,0.5190819918894344,-0.43323132779422463
-0.5048894067764256,-0.2161411763581958,0.5868106304280482,-0.6361474184116138,-0.013413379236878999,0.03691618787453433,0.045963487522819306,1.4477309771259952,0.8874320788145875,1.0188110415398945,0.017219434608497432
-0.08642940562959885,-0.11407313273104469,0.6209070765572494,-0.7712863782303924,0.5717006604500359,0.031350684239495365,0.010414540333930623,-0.3041147433622765,-0.9640764791848339,-0.743120246918429,-0.005999676855560405
-0.2848990061735225,-0.16510715454462024,-0.2724198120278214,-0.49276958297442996,-0.7843011265243893,-0.08107248918829167,-0.1862896341112534,0.3975591099708097,-0.8760327155876586,-0.9594977735712058,0.880970381071449
-0.4451094066125932,-0.4676659981536757,-0.29969696893118236,-0.7067663522836596,-0.7851787975839196,-0.11669171245254105,-0.16496026579792017,-0.12401845434011771,0.8097464050523739,0.8230408983778587,1.8701045294403125
-1.1648606085851352,-0.5806699035980216,0.6072684981055687,-0.6810867399665521,-0.528313734161364,-0.051018769559081266,-0.12862134200483397,-0.47251646816221715,-0.9019279401750631,-1.1089013038790752,0.04276045721896092
0.7863585967623541,0.006221347258097854,-0.19058834131773864,-0.048726286657778506,0.7384581617608066,-0.15887823000613638,-0.11914162275446367,-0.01175063780682393,-1.0642046809227979,-1.067686536897594,0.5350056202569871
-0.6196670070909839,-0.6317039254115973,0.13673754152259265,-0.35581165061652303,-0.2211288633257338,-0.0009292368437306009,-0.09702227783693293,-0.6806797113176994,-0.9977402711484598,-1.1707234543512972,-0.32642341505955863
-0.8037894075955876,-0.8088648868501526,1.4937760974647991,-0.558038597613745,-0.14506403816643484,-0.051018769559081266,-0.1057120204831057,-0.5520395048733002,-0.0447960063319743,-0.3309725771036165,-0.5725459965785716
0.09291059486189833,0.09006295452325781,0.17765327687763416,2.25173898341644,0.13871627108171894,-0.20084212741433013,-0.26623526645604306,-0.9426379498953849,-0.10521819703591806,-0.3309725771036165,-0.8692862410892307
0.14790819501262406,-0.041167387283079525,-0.5179142241580698,0.2401693519096815,-0.054371362014962996,-0.09554279863939298,-0.15864045296433998,-0.5380060278066385,-0.1483769046815922,-0.032165516487877514,-0.48663528416155766
-0.18925100591139066,1.0706452307983891,1.5483304112715213,1.031957398353831,1.0427174623980022,-0.18258727549140236,-0.15232064013075977,-0.12401845434011771,-0.4487615098954844,-0.8100942432633361,-0.8000932889263385
0.14790819501262406,0.6660183435621825,-0.10875687060765588,0.12354111263615128,-0.15091517856330397,-0.14329481982802728,-0.2376381133840926,-0.177813449762321,-1.0495307203232687,-0.9440422359531503,0.43748535210794415
-1.1002982084081963,-0.3400809436197367,-0.06102184602677404,0.7002624059245252,0.14749298167702257,0.5233412055769396,0.5373289353336806,1.6558942202814775,-0.801799738437099,-0.902827468971669,-0.5028886621863982
1.3076401981909724,0.3488783508635342,-0.36788986118958467,-0.07012596358870146,0.07727929691459284,-0.17201281858482834,-0.1475807805055746,0.3975591099708097,-0.1483769046815922,0.060567709220455526,-0.5980870191890353
1.9532641999603624,1.293007754414683,1.8483791372084915,2.0805415679690564,2.385554183479472,0.19831579329066423,0.11232152227541155,0.41159258703747137,-0.0016372986863001408,-0.377339189957783,-0.4123341274765726
-0.3733734064159943,-0.3911149654333122,0.28676190449107775,-0.5023994375933453,-0.31182153947720553,-0.02430435211089426,-0.04804372837668631,0.10051717872646986,-1.1798700174132046,3.043486469505161,-0.6990901540576868
-1.3269839690294487,-0.5624434672360303,-0.2519619443503006,-0.7773852861557053,-0.5897507083284901,-0.10667380590947091,-0.11914162275446367,-0.6058345002955036,2.725993024520307,2.2501022051116473,0.149568369953627
0.8078793968213335,1.8434461325468197,0.12309896307091223,-0.6885766268923751,-0.35277952225528963,0.07142231041177591,0.010414540333930623,-0.5988177617621727,-0.5885957226674687,-0.8049423973906511,-0.7703728262523444
-0.22272780600313677,-0.07032968546226549,0.19129185532931456,-0.5665984683861142,-0.32644939046937843,-0.13861979677459454,-0.02197450043816791,2.1166600506368707,1.26722870609652,1.333073639773689,-0.36589590454845694
0.7289697966050749,-0.4749565726984722,0.09582180616755115,0.0454322918382825,-0.022190089832182743,-0.23579349024237484,-0.30668206859095637,-0.7461692709621208,0.11057534119245273,-0.2639985807587096,-0.4378751500870362
-1.0070414081526178,-0.544217030874039,0.12309896307091223,-0.6361474184116138,-0.3059703990803364,-0.014286445567824142,-0.1112418567124884,-0.43977168834000646,-0.20016735385640133,-0.4185539569392643,-0.8140247558047732
-0.3733734064159943,-0.12136370727584117,0.2594847475877169,-0.03374651280613237,0.3873897379486577,-0.11891791390655662,-0.2321082771547099,-0.19652475251786994,-0.3382752183225586,-0.15065797155963598,-0.6826045849182057
-0.9616086080281051,-0.5296358817844461,-1.0314067028638394,-0.7665784493055893,-0.2386822845163412,-0.12670961899561117,-0.20287914279940145,-0.177813449762321,-0.5618373239271507,-0.31551703948556115,-0.5121763067720213
3.244512203499142,1.1070981035223717,0.8664014886874979,-0.7506356899920517,0.4107942995361342,-0.19650103457899976,-0.22657844092532722,-1.2597945316019399,0.06741663354677857,-0.4185539569392643,-0.4123341274765726
0.6907105965002223,0.133806401792037,-0.5110949349322296,-0.27128292673937726,-0.4025142156286774,-0.13561442481167352,-0.20287914279940145,-0.37428212869558514,0.041521408959374013,0.23057862301906557,-0.6352375975315278
0.7863585967623541,0.26139145632597605,0.19129185532931456,0.6895625674590637,-0.32644939046937843,-0.03432225865396438,-0.03777403252211843,-0.566072981939962,-0.07932297244851366,-0.3309725771036165,-0.5191420402112387
-0.4714126066846795,-0.6608662235907834,-0.013286821445892449,5.033696984436425,1.3440511928367636,-0.063262877556167,-0.11519173973347603,-0.47251646816221715,-0.12248168009418782,-0.4855279532841712,-0.5191420402112387
0.8078793968213335,0.23587444541918814,-0.6945338151073318,2.8616297759477445,0.24696236842379807,-0.11891791390655662,-0.17917984467347564,-0.4959055966066534,-0.5557951048567563,-1.10374945800639,-0.34732061537721065
-0.9807382080805316,-0.9451986308378474,-0.34061270428622376,0.7216620828554482,-0.1596918891586077,-0.03654846010797999,-0.018814594021377813,-0.4959055966066534,-0.8872539795755339,-0.8513090102448174,0.6696764667485224
0.09291059486189833,-0.2671751981717715,-0.5929264056423124,0.26156902884060446,0.1767486836613683,0.3908822190630123,0.40382288922429865,1.1202831789038885,-0.0016372986863001408,-0.10944320457815487,-0.6282718640923105
-0.3733734064159943,-0.5916057654152164,-1.1787033501419883,2.5085351065875154,-0.17139416995234596,-0.07995938846128389,-0.0843826521697725,0.6104001788151792,-0.23469431997294052,-0.5628056413744486,-0.6189842195066874
-1.2222494087424143,-0.4749565726984722,0.10946038461923181,0.0454322918382825,0.024619033342770488,-0.063262877556167,-0.11914162275446367,-0.6128512388288344,0.7320607312901606,0.23057862301906557,-0.686319642752455
-0.7798774075300546,-0.4749565726984722,-1.2373492374842143,3.032827191395128,-0.370332943445897,-0.08997729500435402,0.08546231773269562,2.6499321791700163,-0.4073291505556372,-0.6864499423188924,-0.570224085432166
-0.2107718059703703,-0.07032968546226549,2.0188613678544973,-0.2263436051844391,0.33180390417840067,0.10481533222200969,0.07835252829491789,1.5249151009926347,-0.5557951048567563,0.9930518121764687,-0.6027308414818469
0.5974537962446436,0.16661398724362128,-0.9788981758248696,-0.7035564007440211,-0.4727279003911071,-0.09665589936640077,-0.16180035938113008,-0.5099390736733151,-0.9977402711484598,-1.129508687369816,0.5489370871354219
0.07856339482257851,-0.2161411763581958,0.09582180616755115,-0.7345859322938594,-0.21527772292886457,0.2061074983797188,0.40382288922429865,2.8697899865477168,-0.935591732138689,-1.10374945800639,1.2687295425212146
0.10725779490121796,-0.30362807089575405,-0.2792391012536616,-0.4531801806522225,-0.630708691106574,0.8661762294953397,1.509000158496638,4.422828115258281,-0.07932297244851366,-0.07853212934204386,-0.5562926185537311
-0.38293820644220766,-0.30362807089575405,-0.7388591950752934,-0.35581165061652303,0.3552084657658774,-0.14696805222715298,-0.21393881525816683,-0.023445202029042034,-0.5885957226674687,0.014201096366288822,2.938183656786973
0.47311139590387213,-0.16510715454462024,-0.8131894476369519,0.12354111263615128,-0.2445334249132103,-0.1478585328087592,-0.17522996165248803,-0.20821931674008806,0.4731084854161156,-0.06307659172398854,-0.5632583519929486
-1.1600782085720287,-0.5478623181464374,0.2731233260393973,-0.5687384360792065,0.7384581617608066,-0.23334466864295772,-0.21551876846656187,0.6104001788151792,0.33500062094995814,-0.10944320457815487,-0.6584567089955856
0.45637299585799934,-0.289046921806161,0.7163771257190126,2.6369331681730532,0.13871627108171894,-0.11001310809049428,-0.15074068692236472,-0.7344747067399027,0.14510230730899193,-0.4185539569392643,-0.6468471532635567
0.7480993966575011,0.6951806417413687,-0.09511829215597521,0.250869190375143,-0.26208684610381777,0.007975568972331707,-0.07964279254458735,-0.4093658213622394,0.06741663354677857,-0.511287182647597,-0.6352375975315278
11.781096226894407,13.08551208062305,-0.44972133189966745,0.8500601444409859,0.4107942995361342,-0.04879256810506569,-0.12704138879643892,0.47474323383744915,-0.9485393444323912,-1.0573828451522236,-0.2730194586922256
-0.4451094066125932,-0.19791473999620451,2.830356785729485,0.4113667673570652,-0.2211288633257338,0.01465417333437848,0.06729285583615253,0.35078085308193724,2.6483073507580936,2.6674017207991447,0.02650707919412053
0.025956994678405943,-0.6317039254115973,-0.14967260596269713,0.9998578829574466,-0.2386822845163412,-0.10556070518246312,-0.08596260537816755,-0.5801064590066237,-0.9813399622431035,-0.5525019496290783,0.40033477376545173
-0.2107718059703703,-0.32549979453014355,-0.1360340275110167,-0.6340074507185216,-0.7676253763933122,0.03468998642051875,-0.02434443025076052,-0.4327549498066756,-0.9925612262309789,-1.3185814308973611,0.7718405571903771
1.3793761983875714,0.32336133995674626,0.49134058126628477,-0.7196061584422134,-0.5897507083284901,-0.0788462877342761,-0.10097216085792056,0.6454838714818334,0.6975337651736213,0.14299724318341775,-0.5423611516752964
0.040304194717725755,-0.30362807089575405,-0.4701791995771882,0.004772905669528902,-0.1977243017382572,-0.12893582044962676,-0.16970012542310534,1.8219570322369745,0.5766893837657335,0.1120861679473071,-0.5121763067720213
0.7863585967623541,0.44365581994588893,-0.34061270428622376,-0.5280790499104528,0.19722767505041042,-0.20240046843214107,-0.19734930657001876,-0.5450227663399694,-0.31237999373515407,-0.24854304314065406,0.741655712287102
-1.155295808558922,-0.7552791639458981,-0.8227364525531283,0.4755657981498341,-0.18602202094451883,-0.07439388482624493,-0.12467145898384635,0.06309457321537193,0.33500062094995814,0.5190819918894344,-0.36589590454845694
2.646712201860818,2.0621633688907153,0.6959192580414918,1.0426572368192926,0.4839335544969986,0.07810091477382264,0.010414540333930623,-0.5520395048733002,-0.935591732138689,-0.5215908743929675,1.2873048316924611
-0.12229740572789828,-0.2963374963509576,-0.5315528026097504,1.5776491600923666,0.1767486836613683,0.15601796566436815,0.6716249580472601,0.870019504548421,0.15373404883812689,0.3078563111093429,-0.5470049739681081
-0.9855206080936381,-0.2380128999925854,1.4460410728839177,0.10535138724486688,0.6828723279905495,-0.08329869064230727,-0.10729197369150077,-0.035139766251260134,-0.8682641482114373,0.379982153326935,5.887010812722318
-0.5837990069926845,-0.30362807089575405,1.4937760974647991,1.427851421575906,1.5517666769256182,-0.16644731494978937,-0.1926094469448336,-0.06788454607347082,1.0859621339846888,1.199125647083875,-0.41929986091578997
2.8619202024506145,4.8836157177269675,-0.2519619443503006,-0.38363123062672283,-0.5429415851535369,-0.05213187028608907,-0.09465234802434035,0.38118672005970433,0.1882610149546661,-0.4185539569392643,-0.47734763957593457
0.5783241961922173,0.6805994926517757,0.9891486947526219,0.2722688673060659,1.0953777259698247,-0.051018769559081266,-0.08596260537816755,-0.5871231975399546,-1.119447826709261,-0.9801051570619463,0.7718405571903771
0.7098401965526485,0.05725536907167354,2.3666451183723494,-0.017696755107940148,-0.10410605538835084,-0.20240046843214107,0.1328609139845472,-0.10296823874012513,-0.8242422664128495,-0.6349314835920409,0.3771156623013939
-0.01230220542644682,0.2869084672327637,-0.9427559429279164,-0.6340074507185216,-0.5634205765425789,0.14154765621326681,0.17235974419442351,3.225304738903147,0.05878489201764362,-0.2382393513952838,-0.6628683401737566
-0.6555350071892834,-0.6790926599527747,-0.36788986118958467,-0.7420758192196825,-0.714379998781803,-0.08107248918829167,-0.10334209067051314,-0.22693061949563703,0.8442733711689134,0.2872489276186024,-0.17782110168958845
-0.3040286062259488,-0.3838243908885157,0.6618228119122906,-0.24881326596190823,0.49563583529073685,-0.18703967839943353,-0.0820127223571799,-0.25733648647340407,-0.4159608920847721,-0.06307659172398854,-0.3798273714268916
-0.5120630067960856,-0.7082549581319606,-0.12921473828517638,-0.5280790499104528,-0.4610256195973689,-0.08441179136931506,-0.10729197369150077,-0.7555249223398952,-0.7103032782282698,-1.0007125405526869,0.641813532991653
0.3272481955041212,-0.36559795452652444,-0.4224441749963065,-0.7270960453680365,-0.054371362014962996,-0.22187973115477744,-0.14916073371396965,-0.6198679773621653,3.735906783429082,3.9656668807158044,3.0542792141072623
-0.40924140651429375,-0.4421489872468879,0.8459436210099769,-0.0626360766628784,1.361604614027371,0.021332777696425248,0.5057298711657795,2.8697899865477168,0.03288966743023922,0.8024335148871181,3.7508525580289973
0.6715809964477959,0.9940941980780257,0.3617740859753204,0.30436838270245037,0.2996226319956205,0.024672079877448596,-0.11519173973347603,-0.4865499452288789,-0.2605895445603451,-0.701905479936948,-0.7309003367634461
-0.43793580659293335,-0.4749565726984722,0.10946038461923181,1.738146737074289,1.1685169809306892,-0.13116202190364235,-0.1989292597784138,-0.22693061949563703,0.39542281165390225,0.23057862301906557,-0.4378751500870362
-0.20120700594415714,0.1884857108780109,0.17765327687763416,-0.6275875476392446,-0.7977587494371883,-0.20284570872294416,-0.233688230363105,-1.0572446792731223,1.4830222443248913,0.8024335148871181,-0.4564504392582825
-1.1600782085720287,-0.3911149654333122,-0.11557615983349596,-0.558038597613745,-0.10410605538835084,-0.18915456978074832,-0.24632785603026539,0.30634150903750845,-0.8872539795755339,-1.232545604823519,0.7277242454086671
0.4396345958121262,0.6805994926517757,0.08218322771587074,-0.6404273537977984,-0.3469283818584204,-0.12448341754159559,-0.07016307329421702,-0.3906545186066905,-0.13111342162332262,-0.5834130248651893,-0.5539707074073253
0.358333795589314,0.017157209075292654,0.17765327687763416,-0.49276958297442996,0.5980307922359469,1.1555824185173658,1.8486900983015742,2.474513715836745,0.2227879810712056,-0.31551703948556115,-0.47734763957593457
-0.4451094066125932,0.9357696017196537,-0.5656492487389515,0.3471677365642963,-0.10995719578521997,0.3463581899827006,0.3343049480549164,0.9097810229039626,-0.22606257844380573,-0.377339189957783,-0.5446830628217023
0.42289619576625304,-0.3510168054369315,-0.4701791995771882,-0.5976279999359525,0.20600438564571405,-0.20740942170367613,-0.233688230363105,-0.01175063780682393,-0.4245926336139069,-0.4391613404300049,-0.2730194586922256
-1.0763862083426634,-0.8970808388421904,-0.44290204267382727,0.07967177492775927,-0.8431050875129242,-0.1556502378978138,-0.15864045296433998,-0.3579097387844798,0.5421624176491943,-0.04762105410593284,-0.35660825996283374
-0.17729500587862418,0.133806401792037,-0.30651625815702255,-0.40931084294383047,-0.5253881639629294,-0.014286445567824142,-0.04804372837668631,-0.3836377800733596,6.808806767801082,7.005255945600047,0.03579472377974363
-0.6196670070909839,-0.2161411763581958,-0.7061266067912603,-0.6703869015010906,0.7092024597764609,0.25285772891404606,0.4741308069978786,1.793890078103651,1.1981747738634414,1.8121953059334088,0.19832850402814847
0.3750721956351871,0.6040484599314122,-1.135741828019195,4.017212330217585,0.19722767505041042,-0.17401639989344234,-0.17522996165248803,-0.41638255989557027,0.4299497777704414,-0.15065797155963598,-0.6259499529459047
-1.3798294891742766,-0.6790926599527747,1.0096065624301425,-0.5377089045293683,-0.6851242967974572,0.30517346308341237,0.3106056499289906,0.5238604035707651,-0.5618373239271507,-0.1661135091776915,2.7059925421463946
-0.14381820578687807,-0.3109186454405506,-0.8902474158889465,1.8344452832634421,-0.21527772292886457,-0.1415138586648148,-0.12467145898384635,-0.5450227663399694,-1.0029193160659406,-0.3309725771036165,0.9436619820244049
0.6165833962970698,0.07912709270606315,-0.1837690520918983,-0.5248690983708144,0.9929827690246148,-0.21330885555681744,-0.1112418567124884,-0.8420646975843092,0.9823812356350705,0.2511860065098061,-0.6189842195066874
-0.20120700594415714,-0.052103249100274196,0.3958705321045216,-0.26593300750664656,0.22648337703475616,0.08032711622783822,0.14550053965170762,0.35078085308193724,-0.45653007727170575,-0.7585757845364846,-0.5516487962609197
-0.799007007582481,-0.259884623626975,0.9482329593975805,0.13210098340852058,-0.10995719578521997,-0.1849247870181187,-0.21393881525816683,0.11221174294868795,0.09331185813418313,-0.016709978869821826,-0.48663528416155766
0.633321796342943,1.1690679871531422,2.3052715153397867,2.604833652776669,6.101028335491381,-0.10333450372844752,-0.13731108465100675,-0.3836377800733596,-0.3814339259682328,-1.0161680781707425,-0.6096965749210642
0.8461385969261864,0.27232731814317074,3.600936468249431,0.15992056341872038,0.07727929691459284,0.03691618787453433,0.03648376827244902,0.0490610961487102,-0.8907066761871877,-0.8667645478628729,-0.2335469692033273
-0.4618478066584663,-0.4239225508848966,0.3344969290719593,-0.1899641544018701,0.13871627108171894,-0.1784688028014735,-0.20208916619520392,-1.1360660421308724,0.041521408959374013,-0.3309725771036165,-0.5284296847968618
0.42289619576625304,0.5858220235694209,1.070980165462705,0.09679151647249758,0.30839934259092416,-0.06771528046419815,-0.12704138879643892,-0.4000101699844649,-1.1237636974738283,2.1831282087667403,-0.5609364408465427
-0.734444607405542,-0.27446577271656797,1.4460410728839177,1.3101531984558297,1.0427174623980022,-0.02430435211089426,-0.10097216085792056,-0.7672194865621134,-1.182459539871945,0.1120861679473071,-0.8514075252619063
0.7863585967623541,0.953996038081645,-0.2860583904795018,-0.6682469338079983,-0.5195370235660604,-0.1451870910639405,-0.2574665261494505,-0.5730897204732929,-0.3382752183225586,-0.7225128634276885,-0.45412852811187676
-1.0692126083230034,-0.6936738090423676,-0.7599989916753982,0.9998578829574466,0.050949165128681716,-0.1539805868073021,-0.12704138879643892,0.9308312385039551,0.7665876974066997,0.060567709220455526,-0.7724625462841097
-0.12229740572789828,-0.4421489872468879,0.02080962468330872,-0.6361474184116138,-0.3410772414615513,0.054725799506659026,-0.0014351087290322704,-0.5801064590066237,-0.3555387013808282,-0.5215908743929675,-0.5864774634570064
-0.7081414073334558,-0.4056961145229053,-1.0955080215867377,-0.7153262230560288,-0.20357544213512632,-0.21620291744703768,-0.25541258697853697,-0.6806797113176994,-1.1280795682383957,2.322228047329239,-0.7798926619526082
-0.6746646072417096,-0.22343175090299242,-1.2612167497746554,8.147349977885716,1.5312876855365762,-0.0643759782831748,-0.0930723948159453,-0.21757496811786253,-0.6006801608082574,-0.6349314835920409,-0.7394914080051476
0.3750721956351871,-0.32549979453014355,1.3437517344963144,-0.5152392437518991,-0.8258442233421602,-0.0454532659240423,-0.10729197369150077,-0.6198679773621653,0.38679107012476727,0.14299724318341775,-0.6004089303354411
-0.3925030064684208,-0.25259404908217836,-1.047091068083272,1.2673538445939836,-0.4025142156286774,-0.03432225865396438,0.026214072417881148,1.6020992248592743,0.9219590449311268,-0.31551703948556115,-0.47734763957593457
0.5615857961463442,-0.11407313273104469,-0.7947773667271834,0.6467632135972178,-0.77844998612752,-0.051018769559081266,-0.13178124842162406,-0.6315625415843834,1.638393591849318,1.9409914527505379,-0.11048567844382066
8.768184218637256,8.200827135609382,-0.5451913810614307,-0.24881326596190823,-0.4288443474145885,-0.1604365710239473,-0.20287914279940145,0.2759356420597414,-0.8199263956482822,-1.4211031637637956,-0.8089165512826805
-0.12229740572789828,0.12287053997484208,0.06172536003834998,-0.6532671599563522,-0.2386822845163412,-0.014286445567824142,-0.07016307329421702,-0.6970521012288048,0.33500062094995814,0.6478781387065633,-0.46805999499031137
0.6907105965002223,-0.3838243908885157,0.19129185532931456,-0.0027169812562941654,-0.4112909262239811,-0.19605579428819664,-0.2012991895910064,-0.05852889469569634,0.291841913304284,-0.032165516487877514,-0.5655802631393543
-1.121819008467176,-0.32549979453014355,-0.3610705719637445,-0.7217461261353058,0.9081412332700118,-0.06882838119120596,-0.06542321366903185,0.6267725687262845,-0.39869740902650236,-0.6452351753374111,-0.7058236963822636
2.09673620035356,2.0074840598047414,-0.2792391012536616,-0.2370434436499006,2.356298481495126,-0.012060244113808526,-0.1112418567124884,-0.6315625415843834,-1.1945439780127338,-1.298489231993889,0.07758912441504767
-0.01230220542644682,-0.2161411763581958,-0.08147971370429478,-0.6939265461251057,-0.614032940975497,-0.22232497144558053,-0.24790780923866043,-1.3216587763374734,-1.1582906635903676,-1.4757127300142585,-0.7680509151059386
-0.2633782061145429,-0.6462850745011903,0.3140390613944388,-0.687506643045829,-0.8618287367829055,-0.22967143624383196,-0.1775998914650806,-1.2258802953575074,0.5248989345909247,0.014201096366288822,-0.461094261551094
1.1402561977322418,0.727988227192953,-0.4019863073187859,-0.14609481669347793,-0.21527772292886457,-0.014286445567824142,-0.1175616695460686,-0.5520395048733002,-1.0279513665004316,-1.129508687369816,-0.11048567844382066
0.4922409959562988,3.352595063319699,0.28676190449107775,-0.6532671599563522,-0.43762105800989226,-0.12782271972261897,-0.15232064013075977,-0.37428212869558514,-0.9813399622431035,-0.6864499423188924,0.49785504191449453
0.42289619576625304,0.22493858360199345,0.3004004829427582,-0.558038597613745,-0.5721972871378825,-0.07995938846128389,-0.1112418567124884,-0.44912733971778096,0.6284798329405427,0.09663063032925141,-0.6213061306530931
-0.16773020585241102,0.17754984906081595,-0.6406614302231941,-0.5280790499104528,0.18552539425667194,0.019106576242409634,-0.0512036347934764,-0.7859307893176624,-0.07932297244851366,-0.7843350138999103,-0.6259499529459047
0.2507297952944157,-0.25259404908217836,-0.12921473828517638,3.8888142686320464,2.2977870775264346,0.02912448278547979,-0.027504336667550613,-0.9075542572287306,0.5248989345909247,0.709700289178785,-0.36589590454845694
0.5974537962446436,0.133806401792037,0.10946038461923181,-0.46388001911768395,-0.1772453103492152,-0.13761800612028754,-0.22815839413372227,-0.11232389011789962,1.1722795492760372,1.0909368837574869,-0.505210573332804
0.014000994645639466,0.017157209075292654,-0.7490881289140537,-0.8025299065495399,-0.6353896034240695,-0.13116202190364235,-0.15548054654754986,-0.4654997296288863,-0.11384993856505302,-0.46492056979343066,-0.5609364408465427
-0.2944638061997356,-0.15052600545502726,-0.4019863073187859,-0.6971364976647442,-0.5049091725738875,0.01465417333437848,0.03648376827244902,1.5763711835703944,0.291841913304284,0.060567709220455526,-0.36125208225564537
0.358333795589314,-0.4931830090604635,2.3052715153397867,-0.3611615698492538,0.5980307922359469,0.0012969646102849763,-0.035404102709525875,-0.2479808350956296,0.611216349882273,0.7766742855236923,-0.5632583519929486
-1.2203364487371717,-0.3911149654333122,-0.04056397834925353,0.8500601444409859,0.14749298167702257,0.04470789296358887,0.016734353167510867,-0.8794873030954071,0.2227879810712056,0.21512308540101024,-0.4076903051837611
0.1622553950519437,0.8665091435440867,-0.5724685379647917,-0.6532671599563522,-0.10410605538835084,-0.18915456978074832,-0.2076190024245866,0.013977403482055896,-0.5281735319635248,-1.165571608478612,0.0009660565836568792
-0.2944638061997356,-0.25259404908217836,-0.06102184602677404,-0.5719483876188449,-0.35277952225528963,-0.12114411536057221,-0.09465234802434035,0.41159258703747137,1.155016066217767,0.709700289178785,-0.44484088352625356
-0.8563958077397601,-0.0958466963690534,-1.1630189849225558,0.43276644428798816,-0.4522489090020651,-0.0454532659240423,-0.10729197369150077,-0.6385792801177143,-0.9666660016435743,-0.7482720927911143,2.7059925421463946
-1.1242102084737293,-0.8620860810271672,-0.8268280260886324,0.31506822116791183,-0.3469283818584204,-0.21230706490251042,-0.18312972769446328,-0.16611888554010287,-0.07069123091937886,-0.001254441251766502,-0.579511730017789
-1.040518208244364,-0.7119002454043589,-0.4701791995771882,-0.6703869015010906,-0.4756534705895417,-0.05213187028608907,-0.07490293291940218,-0.5871231975399546,1.388073087504408,0.6478781387065633,-0.4378751500870362
-0.9137846078970392,-0.17239772908941672,-0.5520106702872709,0.2936685442369889,-0.2386822845163412,-0.02207815065687868,-0.07964279254458735,-0.42573821127334477,0.1882610149546661,-0.2382393513952838,-0.6213061306530931
-1.114645408447516,-0.7228361072215538,-0.5451913810614307,0.51836515201168,-0.054371362014962996,-0.02430435211089426,-0.12862134200483397,-0.4865499452288789,-0.7603673790972519,-0.2382393513952838,-0.2637318141066024
-1.0596478082967902,-0.613477489049606,0.4572441351370836,-0.5719483876188449,-0.49613246197858374,-0.12225721608758001,0.016734353167510867,3.4334679820586294,-0.6775026604175575,-0.8667645478628729,-0.6004089303354411
0.23638259525509606,-0.052103249100274196,-1.017768124412159,3.2896233145662035,0.4341988611236108,-0.22677737435361173,-0.21709872167495692,-0.8490814361176401,0.6630067990570818,0.21512308540101024,-0.6514909755563684
-1.1875770086473916,-0.9834741471980292,0.8050278856549357,0.26156902884060446,0.2791436406065784,0.06585680677673696,0.03253388525146139,-0.22693061949563703,0.06741663354677857,-0.6864499423188924,-0.7093065631018723
-0.3733734064159943,-0.3109186454405506,-0.49745635648054914,-0.30231245828921566,0.8613321100950586,-0.17134495814862366,-0.2107789088413767,-0.47953320669554805,1.2413334815091155,0.9672925828130429,0.010253701169279981
-0.6483614071696233,-0.3109186454405506,-0.9284354355536519,0.5825641828044489,-0.35570509245372417,0.827217704050067,1.0508137280620726,0.025671967704273997,-1.0080983609834215,-0.5525019496290783,1.0458260724662596
-0.5120630067960856,-0.6462850745011903,-0.5656492487389515,-0.2595131044273697,-0.5809739977331865,-0.061036676102151424,0.03648376827244902,2.4417689360145345,0.024257925901104416,0.2666415441278618,-0.35660825996283374
-0.2633782061145429,0.133806401792037,-0.25878123357614097,-0.7517056738385979,-0.06899921300713587,-0.16344194298686832,-0.07490293291940218,1.7377561698370043,-0.3296434767934238,-0.31551703948556115,-0.4076903051837611
-0.6268406071106437,-0.4640207108812774,-0.9209342174052276,0.13210098340852058,-0.11873390638052371,-0.11891791390655662,-0.0014351087290322704,0.29230803197084676,-0.9019279401750631,-0.8049423973906511,-0.8228480181611151
-0.3255494062849284,-0.041167387283079525,-0.5042756457063894,-0.7260260615214902,0.28792035120188203,-0.18147417476439456,-0.22657844092532722,-0.3836377800733596,0.7493242143484301,0.47786722490795297,-0.7007154918601709
-0.8898726078315062,-0.8839578046615567,0.7504735718482137,-0.687506643045829,-0.6775178142815272,-0.1678943458948995,-0.1775998914650806,-0.3485540874067053,1.155016066217767,1.2248848764473008,-0.42394368320860154
-0.4618478066584663,-0.5114094454224548,-0.6338421409973538,-0.6703869015010906,0.024619033342770488,-0.18915456978074832,-0.1957693533616237,0.8302579861928795,0.861536854227183,1.333073639773689,-0.05940363322289353
-0.6746646072417096,-0.35830737998172796,-0.7334037636946212,-0.7517056738385979,1.0953777259698247,0.22725641219286688,0.09652199019146103,-0.5239725507399768,-1.0857840347456351,-1.396374303574907,0.8182787801184928
0.908309797096572,0.23587444541918814,0.15037611997427308,-0.2595131044273697,-0.768795604472686,-0.1941635230522834,-0.010124851375205014,-0.1450686699401103,0.09331185813418313,-0.1248987421962102,-0.5470049739681081
-0.6555350071892834,-0.22343175090299242,-0.8131894476369519,-0.4414103583402149,-0.33230053086624756,0.37863811106592665,0.41014270205787895,2.474513715836745,-0.37280218443909796,-0.8049423973906511,-0.653812886702774
-0.5048894067764256,-0.5879604781428183,0.7709314395257345,1.3850520677140599,1.8062912841894263,-0.08997729500435402,-0.1933994235490311,-0.046834330473478236,0.21415623954207064,0.2872489276186024,-0.505210573332804
-0.18925100591139066,-0.15781657999982376,-0.7900038642690952,-0.6233076122530601,-0.18602202094451883,-0.1685622063311042,-0.21393881525816683,-0.22693061949563703,2.380723363354914,1.2506441058107265,-0.824008973734318
-0.07447340559683237,-0.3728885290713209,-0.7061266067912603,-0.6885766268923751,-0.5809739977331865,-0.05992357537514361,0.23476789592602812,3.103681270992079,-0.2605895445603451,-0.542198257883708,-0.5144982179184271
0.3750721956351871,-0.13229956909303597,0.37541266442700083,0.8714598213719089,0.14749298167702257,-0.028756755018925415,-0.09465234802434035,-0.7414914452732335,0.06741663354677857,-0.2639985807587096,-0.6050527526282526
-0.08642940562959885,-0.22343175090299242,-0.7797749304303347,-0.6939265461251057,-0.1392128977695657,-0.0643759782831748,-0.16022040617273503,0.013977403482055896,1.7419744901989362,1.5030845535722994,-0.4796695507223403
-0.20120700594415714,0.05725536907167354,-0.5724685379647917,-0.7840191860042914,-0.2679379865006869,-0.23334466864295772,-0.2194686514875495,0.08648370165980813,-1.1936808038598203,1.5339956288084102,-0.7188263988021361
0.5783241961922173,-0.11407313273104469,-0.39516701809294563,-0.3130122967546771,0.47223127370326035,-0.04322706447002672,-0.15074068692236472,-0.6432571058066014,0.3695275870664977,0.668485522197304,-0.41929986091578997
0.2052969951699033,-0.059393823645070815,-0.0746604244784547,1.8558449601943652,0.2996226319956205,1.0776653676268202,1.035014195978122,0.12624522001534969,-0.7405143735802417,-1.0779902286429643,0.8949018479498836
-0.048170205524746254,-0.12136370727584117,-0.3337934150603835,0.2936685442369889,-0.26208684610381777,-0.2258868937720055,-0.25612356592231467,-0.4000101699844649,0.39542281165390225,0.2872489276186024,-0.5028886621863982
-0.5837990069926845,0.8993167289956712,-0.52473351338391,0.250869190375143,-0.35277952225528963,-0.028756755018925415,0.276636655948497,-0.9449768627398285,-0.5281735319635248,-0.10944320457815487,-0.11048567844382066
0.17660259509126366,-0.19062416545140803,-0.19058834131773864,-0.6682469338079983,-0.33815167126311674,0.09591052640594734,0.15024039927689278,1.6020992248592743,0.32636887942082354,0.12754170556536243,-0.2915947478634719
-0.4714126066846795,0.5566597253902348,0.12309896307091223,0.30436838270245037,0.2352600876300598,-0.13450132408466572,-0.09070246500335272,0.2759356420597414,0.32636887942082354,0.029656633984344514,-0.37518354913408003
-0.2848990061735225,-0.07762026000706211,-0.8493316805339053,-0.5976279999359525,0.2674413598128402,-0.19126946116206314,-0.19971923638261135,-0.5801064590066237,-0.4073291505556372,-0.3567318064670423,-0.7587632705203154
-0.4451094066125932,-0.2817563472613645,-0.3133355473828628,-0.4606700675780455,-0.6851242967974572,-0.17590867112935563,-0.09702227783693293,-1.2803769646330436,1.4830222443248913,1.5906659334079474,0.31210215020203186
-0.16773020585241102,-0.18333359090661153,-0.2860583904795018,-0.558038597613745,-0.6187138532929924,-0.051018769559081266,-0.19023951713224102,-0.5871231975399546,0.03288966743023922,0.3593747698361945,2.497020538969874
-0.9663910080412117,-0.5478623181464374,-0.6065649840939928,0.9677583675610623,-0.26208684610381777,-0.0031554382977462174,-0.10729197369150077,-0.4561440782511118,-1.1764173208015507,0.8230408983778587,-0.7462249503297242
-0.43793580659293335,-0.25259404908217836,0.09582180616755115,-0.7463557546058671,-0.630708691106574,-0.009834042659792949,-0.03777403252211843,0.5074880136596598,-1.0210459732771238,-0.6246277918466706,0.6278820661132184
-0.2944638061997356,0.133806401792037,0.23220759068435584,-0.5120292922122606,-0.2854914076912944,-0.03988776228900334,-0.0512036347934764,-0.701729926917692,-0.18290387079813158,0.029656633984344514,-0.5748679077249774
-0.6268406071106437,-0.3911149654333122,-0.6890783837266596,-0.6757368207338214,0.07727929691459284,0.06029130314169799,-0.0930723948159453,-0.37428212869558514,-0.47120403787123494,-0.9285866983350948,-0.6628683401737566
-0.9353054079560188,-0.5296358817844461,-0.7702279255141585,0.7323619213209096,0.28792035120188203,-0.06548907901018257,-0.06779314348162446,-0.5520395048733002,-0.9813399622431035,-1.160419762605927,1.0458260724662596
0.3750721956351871,0.07912709270606315,0.34813550752364003,-0.6532671599563522,-0.42299320701771936,-0.009834042659792949,-0.130201295213229,-0.6619684085621504,1.0859621339846888,0.709700289178785,-0.19175256856802317
-0.8205278076414607,-0.7046096708595625,-0.6658928003588028,-0.5826482260843064,-0.4405466282083268,-0.12448341754159559,-0.1807597978818707,-0.6198679773621653,-1.0262250181946047,-0.8049423973906511,0.7555871791655365
-1.285137968914766,-0.6207680635944025,-0.3337934150603835,0.32576805963337335,0.06850258631928899,-0.0643759782831748,-0.11519173973347603,-0.09127367451790702,-1.1056370402626452,-0.511287182647597,0.7137927785302325
-0.904219807870826,-0.7399689574018256,-0.34061270428622376,0.10535138724486688,-0.370332943445897,-0.2167594678105416,-0.1989292597784138,-0.035139766251260134,-0.7698622947793001,-0.7585757845364846,-0.7322934834512895
-0.14381820578687807,-0.27446577271656797,-0.12921473828517638,-0.7067663522836596,-0.6011604321023849,-0.009834042659792949,-0.06068335404384674,-0.5941399360732854,0.6975337651736213,0.2511860065098061,-0.505210573332804
0.014000994645639466,-0.11407313273104469,0.06172536003834998,1.2245544907321377,1.1509635597400816,-0.03988776228900334,0.06018306639837481,0.88873080730397,-0.9019279401750631,-0.7843350138999103,2.195172089937122
-0.12229740572789828,-0.2453034745373819,-0.7006711754105881,-0.586928161470491,0.5453705286641247,-0.05213187028608907,-0.06779314348162446,-0.20821931674008806,-0.3555387013808282,-0.46492056979343066,-0.7703728262523444
0.7480993966575011,0.32336133995674626,-0.25878123357614097,-0.5152392437518991,-0.4025142156286774,0.03914238932854991,-0.05831342423125413,-0.4865499452288789,-1.0080983609834215,-0.7585757845364846,1.3662498106702576
0.3272481955041212,0.006221347258097854,1.7324512203692073,2.8616297759477445,2.9121568191976954,-0.0933165971853774,-0.15074068692236472,-0.4865499452288789,-0.3469069598516934,-0.22278381377722828,1.7540089721200234
-0.4881510067305526,-0.5515076054188356,0.3140390613944388,0.013332776441898056,-0.3878863646365045,-0.0076078412057773714,-0.16180035938113008,-0.6923742755399175,-0.12248168009418782,-0.10944320457815487,-0.5516487962609197
-0.904219807870826,-0.6317039254115973,0.552714184298847,-0.30231245828921566,0.6682444769983766,0.03468998642051875,0.023054166001091055,-0.566072981939962,0.3695275870664977,-0.44946503217537515,-0.6689053091544117
0.13356099497330443,0.6040484599314122,0.4572441351370836,-0.6382873861047061,-0.47857904078797636,0.021332777696425248,-0.08596260537816755,-0.44912733971778096,-0.2519578030312103,-0.3567318064670423,-0.7074490341847477
-0.7703126075038415,-0.4348584127020913,-0.25878123357614097,-0.43713042295403026,-0.4200676368192848,-0.009834042659792949,-0.018814594021377813,-0.7087466654510228,0.06741663354677857,-0.2639985807587096,-0.6352375975315278
-0.036214205491979776,-0.0958466963690534,-0.8786546242050183,-0.7153262230560288,-0.3615562328505933,0.06585680677673696,-0.07490293291940218,-0.5099390736733151,-0.4073291505556372,-0.377339189957783,-0.6670477802372871
-0.4809774067108926,-0.613477489049606,1.070980165462705,-0.5901381130101294,0.8467042591028857,0.25731013182207724,0.23950775555121323,0.5753164861485248,-0.2519578030312103,-0.3309725771036165,-0.6561347978491799
-0.4451094066125932,-0.19062416545140803,-0.2519619443503006,-0.8012459259336845,0.4341988611236108,-0.0944296979123852,-0.09070246500335272,-0.2479808350956296,-0.0016372986863001408,-0.6143241001013001,0.23780099351704687
-0.6627086072089431,-0.4567301363364809,-0.7224929009332768,1.2245544907321377,-0.2913425480881635,-0.1733485394572377,-0.22736841752952475,-0.47251646816221715,0.21415623954207064,-0.5628056413744486,-0.4169779497693842
0.6907105965002223,0.3488783508635342,0.5731720519763676,0.08823164570012842,0.15919526247076082,-0.17780094236526883,-0.1412609676719944,0.30634150903750845,2.216720274301352,2.044028370204241,0.16814365912487336
0.9513513972145312,0.8482827071820954,-0.15649189518853746,0.20806983651329705,-0.10995719578521997,0.18161928238554736,0.2244982000714603,-0.035139766251260134,-1.082331338133981,-1.345371029435324,1.1735311855185775
0.7672289967099277,-0.4275678381572948,0.13673754152259265,-0.5687384360792065,-0.7547528675202001,0.07810091477382264,0.10442175623343629,0.0490610961487102,1.2413334815091155,2.214039284002851,3.7508525580289973
-0.22272780600313677,-0.07032968546226549,-0.49063706725470885,0.37926725196068073,-0.41421649642241565,0.06029130314169799,-0.01565468760458772,-0.8046420920732112,-0.783673081225916,-0.49583164502954163,1.4985987460153871
-0.2944638061997356,0.006221347258097854,0.19129185532931456,-0.47136990604350704,-0.35570509245372417,-0.22343807217258835,-0.220258628091747,-1.2703196394019363,-1.1056370402626452,-0.5834130248651893,0.9784906492204917
-0.1318622057541116,-0.289046921806161,-0.2519619443503006,-0.7506356899920517,-0.5751228573363172,-0.11669171245254105,-0.05594349441866157,-0.8748094774065199,-1.0080983609834215,-1.005864386425372,0.8949018479498836
-0.6483614071696233,-0.4530848490640826,-0.2110462089952594,0.07111190415539012,0.19722767505041042,-0.1405120680105078,-0.15390059333915482,-0.023445202029042034,0.09331185813418313,-0.15065797155963598,-0.46573808384390564
0.17660259509126366,0.5129162781214558,-0.34061270428622376,-0.7078363361302057,-0.6532355816345203,-0.0755069855532527,-0.0630532838564393,-0.4093658213622394,0.6630067990570818,0.19966754778295454,-0.47734763957593457
-0.45467420663880653,-0.5624434672360303,-0.49745635648054914,-0.1835442513225931,-0.2854914076912944,-0.03432225865396438,-0.10097216085792056,-0.4327549498066756,0.611216349882273,0.1120861679473071,-0.4796695507223403
-1.0763862083426634,-0.7873576919430029,-0.5656492487389515,-0.7078363361302057,0.7238303107686338,-0.1415138586648148,-0.06779314348162446,1.2559401238816184,1.0255399432807446,0.5190819918894344,-0.5771898188713832
-0.048170205524746254,0.19942157269520555,-0.2860583904795018,-0.6404273537977984,-0.3001192586834673,-0.029869855745933222,-0.027504336667550613,-0.4000101699844649,-1.0702468999931924,-0.31551703948556115,-0.686319642752455
-1.3473091690851517,-0.831101139211782,-0.3610705719637445,-0.08403575359380136,-0.690682880174483,-0.05213187028608907,-0.130201295213229,-0.8701316517176326,-1.1444798771437519,-1.3185814308973611,0.8484636250217679
-1.1050806084213027,-1.0388825137384827,0.9891486947526219,-0.15893462285203172,-0.5663461467410136,-0.10667380590947091,-0.13731108465100675,-0.4959055966066534,-1.164332882660762,-0.7585757845364846,0.8647170030466085
0.8676593969851659,0.11193467815764742,0.2185690122326754,-0.36544150523543834,-0.5136858831691911,0.13486905185122003,0.01989425958430096,-0.7718973122510006,-0.80697878335458,-0.9285866983350948,1.029572694441419
-0.5455398068878317,-0.3911149654333122,-0.0746604244784547,-0.6982064815112904,0.09483271810520033,-0.09999520154742415,0.5057298711657795,-0.3906545186066905,0.1709975318963965,0.09663063032925141,-0.579511730017789
0.7672289967099277,-0.13959014363783245,0.23220759068435584,-0.40931084294383047,-0.0982549149914816,-0.02207815065687868,-0.0456737985640937,-0.5590562434066312,-0.24332606150207547,-0.573109333119819,-0.8228480181611151
0.2650769953337357,0.41449352176670273,-0.08147971370429478,0.020822663367721123,-0.466876759994238,0.2395005201899526,0.2821664921778797,1.5249151009926347,-0.26922128608947987,-0.5834130248651893,-0.526107773650456
0.3439865955499944,-0.022940950921088235,0.5186177381696458,1.1389557830084458,1.2826142186696374,-0.09999520154742415,-0.07727286273199474,-0.720441229673241,0.5076354515326548,0.09663063032925141,-0.6807470560010812
1.9771762000258952,2.80580197245996,1.7870055341759294,0.6039638597353718,1.3030932100586794,0.04693409441760445,0.0293739788346713,-0.3836377800733596,-0.0361642648028395,-0.6349314835920409,-0.6166623083602816
-0.6053198070516641,-0.6098322017772076,0.9686908270751013,2.027042375641749,1.1860704021212964,-0.1978367554514091,-0.02197450043816791,0.9705927568594966,0.4903719684743852,-0.2639985807587096,-0.6689053091544117
0.5615857961463442,0.1884857108780109,0.40950911055620204,0.11391125801723603,0.9929827690246148,-0.15798774942453014,-0.11914162275446367,0.1519732613042295,-0.0447960063319743,-0.46492056979343066,-0.6189842195066874
-0.1318622057541116,-0.22343175090299242,-0.36788986118958467,-0.11934522052982421,-0.7720137316909641,-0.14429661048233428,-0.24869778584285795,-0.5450227663399694,-0.775041339696781,-1.0882939203883346,0.8647170030466085
0.07856339482257851,0.4837539799422696,0.49134058126628477,0.9463586906301392,-0.060222502411832225,-0.20518322024966054,-0.24790780923866043,-0.41638255989557027,-0.3296434767934238,-0.7791831680272253,-0.6398814198243394
-0.3996766064880806,-0.2671751981717715,-0.3542512827379041,1.3101531984558297,0.09483271810520033,0.37863811106592665,0.35879422278503975,0.025671967704273997,-0.8112946541191474,-0.6040204083559298,1.4753796345513295
-0.799007007582481,-0.6681567981355799,0.28676190449107775,-0.5280790499104528,-0.18602202094451883,-0.061036676102151424,0.007254633917140529,-0.19652475251786994,-0.935591732138689,-0.7585757845364846,0.04276045721896092
-0.2107718059703703,0.07912709270606315,1.5483304112715213,-0.36544150523543834,-0.060222502411832225,0.05806510168768237,0.03253388525146139,-0.22693061949563703,-0.8406425753182059,-1.0728383827702792,-0.05243789978367608
-1.2112498887122694,-0.8985389537511498,-0.7647724941334864,0.21876967497875852,-0.4405466282083268,-0.029869855745933222,-0.18865956392384595,-0.37428212869558514,-0.3296434767934238,-0.3052133477401907,2.891745433858857
-0.6555350071892834,-0.289046921806161,0.09582180616755115,0.6788627289936022,-0.12458504677739284,-0.10556070518246312,-0.1681201722147103,-0.5450227663399694,0.05878489201764362,0.060567709220455526,-0.6143403972138758
-0.6555350071892834,-0.27446577271656797,-0.25878123357614097,-0.5248690983708144,-0.10410605538835084,-0.16422111349577379,-0.12704138879643892,0.20576825672643279,0.24868320565860985,0.5190819918894344,-0.5516487962609197
-0.38293820644220766,-0.30362807089575405,0.15037611997427308,-0.7014164330509288,-0.23283114411947206,-0.2156463670835338,-0.23447820696730248,0.44433736685968206,-0.5756481103737665,-0.3927947275758385,-0.5911212857498179
-0.07447340559683237,0.17754984906081595,0.43678626745956284,-0.8061678516277968,-0.8618287367829055,-0.028756755018925415,-0.03224419629273578,-0.5029223351399842,-1.2100811127651765,-1.5560815256281468,-0.7736235018573125
-0.27533420614730936,0.17754984906081595,-0.40880559654462606,-0.6404273537977984,-0.4844301811848454,-0.1405120680105078,-0.1807597978818707,-0.19652475251786994,-1.162606534354935,-0.44946503217537515,1.1363806071760851
-1.0763862083426634,-0.2817563472613645,-0.6474807194490343,-0.5344989529897297,-0.030966800427486483,-0.18548133738162262,-0.15864045296433998,-0.5450227663399694,-0.07069123091937886,-0.3927947275758385,-0.653812886702774
-0.6627086072089431,-0.2380128999925854,0.8050278856549357,-0.7174661907491211,-0.47857904078797636,-0.13227512263065014,-0.1989292597784138,-0.20821931674008806,-0.857042884223562,-1.129508687369816,0.2795953941523509
-0.01230220542644682,-0.3984055399781087,0.007171046231628301,0.19736999804783556,-0.31182153947720553,-0.13951027735620078,0.0293739788346713,0.870019504548421,-1.115995130097607,-1.036775461661483,0.5233960645249582
-0.6053198070516641,-0.35830737998172796,-0.23832336589862022,-0.46708997065732244,-0.41421649642241565,-0.06548907901018257,-0.13415117823421666,-0.7087466654510228,-0.3469069598516934,-0.34127626884898693,-0.03850643290524151
-0.5120630067960856,0.10099881634045249,0.8254857533324564,0.5290649904771415,-0.4112909262239811,0.25285772891404606,0.25056742800997867,-0.6058345002955036,-1.1557011411316271,-0.6452351753374111,1.3267773211813592
-0.6627086072089431,-0.30362807089575405,0.49134058126628477,-0.3226421513735924,-0.3469283818584204,-0.08329869064230727,0.06018306639837481,1.4477309771259952,0.9651177525768009,1.2506441058107265,-0.440197061233442
1.020696197404577,0.727988227192953,1.5483304112715213,-0.03374651280613237,0.06850258631928899,-0.05769737392112804,0.1210112649215843,1.2793292523260547,-0.7508724634152035,-0.8203979350087064,1.4521605230872716
-0.8133542076218009,-0.5660887545084287,0.6413649442347699,-0.17177442901058554,0.2177066664394523,0.28068524708924086,0.19052920609096657,-0.7087466654510228,0.28321017177514934,0.09663063032925141,-0.7736235018573125
-1.06682140831645,0.5420785763006417,0.6618228119122906,2.0805415679690564,1.3440511928367636,0.26176253473010846,0.18578934646578146,-0.3836377800733596,1.0428034263390147,0.8024335148871181,-0.4030464828909494
-0.4283710065667202,-0.3400809436197367,-0.5042756457063894,-0.6768068045803675,-0.4551744792004997,-0.15965740051504182,-0.16180035938113008,1.375224678948243,-0.7508724634152035,-0.9079793148443542,-0.6767998070521913
-0.9233494079232524,-0.7673086119448125,-0.02692539989757287,-0.4489002452660379,-0.10410605538835084,-0.08441179136931506,-0.14600082729717956,-0.4654997296288863,0.38679107012476727,0.23057862301906557,-0.5609364408465427
-1.0476918082640239,-0.13959014363783245,0.007171046231628301,-0.6564771114959906,-0.5604950063441443,-0.14963949397197168,-0.10729197369150077,-0.37428212869558514,-0.5557951048567563,-0.6555388670827814,-0.08958847812616864
-0.07447340559683237,0.17754984906081595,-0.17013047364021788,-0.658617079189083,-0.4522489090020651,-0.1656681444408839,-0.15232064013075977,0.9495425412595041,-1.030540888959172,-0.9646496194438908,0.5094645976465234
-0.8563958077397601,-0.22343175090299242,-0.463359910351348,-0.6468472568770753,0.059725875723985355,-0.07105458264522153,-0.0820127223571799,-0.6923742755399175,-0.783673081225916,-0.7482720927911143,-0.46805999499031137
0.3439865955499944,-0.5806699035980216,2.1143314170162606,0.004772905669528902,-0.19187316134138807,0.03468998642051875,0.04280358110602921,1.326107509214927,0.44721326082871105,-0.5628056413744486,-0.686319642752455
-0.09838540566236532,-0.3400809436197367,0.15037611997427308,-0.579438274544668,-0.5253881639629294,-0.08552489209632284,-0.004595015145822364,1.9646307157480354,0.6284798329405427,-0.3052133477401907,-0.3937588383053263
-0.6483614071696233,-0.31820921998534707,-0.10875687060765588,0.08823164570012842,-0.0982549149914816,-0.20084212741433013,-0.19102949373643854,-0.4561440782511118,2.475672520175397,1.333073639773689,-0.440197061233442
0.14790819501262406,0.3087801908671533,0.06172536003834998,0.5504646674080644,0.19722767505041042,0.41982283796521497,0.5373289353336806,1.850023986370298,-1.0598888101582304,-1.036775461661483,1.3871470109879098
-0.734444607405542,0.6332107581105982,-0.11557615983349596,-0.15893462285203172,-0.0748503534040051,-0.10890000736348648,-0.17207005523569793,-0.3579097387844798,0.14510230730899193,-0.15065797155963598,-0.6329156863851221
-0.7272710073858822,-0.4931830090604635,0.04808678158666956,-0.6190276768668754,-0.7699658325520599,-0.19460876334308652,-0.18233975109026576,-1.3088415339499226,-1.1513852703670597,2.955905089669514,-0.8105418890851646
-0.8085718076086942,-0.5187000199672512,-0.39516701809294563,2.337337691140132,0.363985176361181,-0.06882838119120596,-0.11519173973347603,-0.6619684085621504,0.38679107012476727,0.04511217160239984,-0.4169779497693842
-0.5288014068419585,-0.17239772908941672,-0.1360340275110167,0.004772905669528902,-0.17139416995234596,-0.1604365710239473,-0.1989292597784138,-0.3298427846511563,0.12783882425072232,-0.377339189957783,-0.7353119679416171
0.4922409959562988,-0.052103249100274196,-1.1473346197031233,2.337337691140132,0.28792035120188203,0.07810091477382264,0.08546231773269562,0.13793978423756778,-0.6317544303131428,-0.42885764868463455,3.495442331924361
-0.38293820644220766,-0.5296358817844461,-1.2571251762391513,1.2887535215249066,-0.17139416995234596,-0.02207815065687868,-0.09070246500335272,-0.43977168834000646,-0.2519578030312103,-0.4855279532841712,-0.5144982179184271
-0.5527134069074915,-0.3400809436197367,0.3004004829427582,-0.658617079189083,-0.5692717169394481,-0.12893582044962676,-0.16338031258952512,-0.26669213785117857,-0.9511288668911316,-1.242334111981621,0.3771156623013939
0.4396345958121262,0.36345949995312715,-0.04056397834925353,-0.629727515332337,-0.4756534705895417,-0.12559651826860338,-0.02197450043816791,-0.47953320669554805,-0.9450866478207373,-0.6452351753374111,2.264829424329296
0.7098401965526485,-0.20520531454100113,1.2073659499795095,-0.49276958297442996,-0.5751228573363172,-0.13861979677459454,-0.24237797300927774,-0.5380060278066385,-0.21743083691467094,-0.4185539569392643,-0.7041983585797795
1.3076401981909724,-0.12136370727584117,-0.6836229523459875,0.4541661212189111,-0.1772453103492152,-0.10222140300143974,-0.16970012542310534,-0.6619684085621504,-1.0029193160659406,-1.036775461661483,-0.8697506233185119
0.10725779490121796,-0.289046921806161,-0.935254724779492,-0.7790972603101792,-0.4756534705895417,-0.051018769559081266,-0.0843826521697725,-0.47953320669554805,-0.7931679969079641,-0.6246277918466706,-0.08262274468695137
-0.5288014068419585,-0.6900285217699693,0.2731233260393973,0.19736999804783556,-0.10995719578521997,-0.07216768337222934,0.25056742800997867,-0.11232389011789962,1.3362826383295987,2.51284634461859,-0.4494847058190651
0.3750721956351871,0.5274974272110488,0.3140390613944388,-0.7463557546058671,-0.2854914076912944,-0.172680679021033,-0.21709872167495692,-0.3391984360289308,0.8442733711689134,0.060567709220455526,-0.7394914080051476
0.21964419520922293,-0.2963374963509576,-0.463359910351348,0.150290708799805,0.050949165128681716,-0.15219962564408962,-0.20682902582038906,-0.5239725507399768,0.9219590449311268,1.1682145718477643,-0.3937588383053263
-0.8659606077659733,-0.6535756490459868,0.3958705321045216,-0.4820697445089685,-0.3937375050333736,-0.08997729500435402,-0.09939220764952551,-0.4093658213622394,0.05878489201764362,-0.3927947275758385,-0.5098543956256155
-0.09838540566236532,0.10099881634045249,-0.21786549822109946,-0.6971364976647442,-0.1392128977695657,0.021332777696425248,0.056233183377387176,0.5589440962374195,-0.7508724634152035,-1.1501160708605564,0.3771156623013939
-1.1170366084540693,-0.8008452548508763,-0.9945825410443022,-0.6639669984218137,1.1509635597400816,-0.15475975731620756,-0.14600082729717956,-0.05852889469569634,-0.3469069598516934,-0.22278381377722828,1.1921064746898238
1.020696197404577,1.8179291216400324,-0.2792391012536616,-0.6907165945854674,-0.738077117389123,-0.1875962287629374,-0.2439579262176728,-0.3391984360289308,-0.6429756943010181,0.42119692030841654,2.5666778733620474
0.4922409959562988,-0.041167387283079525,0.4231476890078824,-0.6093978222479601,-0.5868251381300554,0.021332777696425248,-0.09702227783693293,-0.6853575370065866,-0.4073291505556372,-0.9234348524624095,0.6836079336269574
0.5783241961922173,0.03902893270968225,0.20493043378099499,-0.1525147197727549,-0.054371362014962996,-0.11335241027151766,-0.13178124842162406,-0.9098931700731742,1.5607079180871046,1.6524880838801685,-0.08262274468695137
0.5089793960021716,0.3889765108599151,-0.1837690520918983,-0.7206761422887595,-0.7711360606314338,-0.02207815065687868,-0.06779314348162446,-0.7672194865621134,-0.9545815635027857,-1.383494688893194,1.0109974052701727
-0.024258205459213297,0.5858220235694209,0.007171046231628301,0.764461436717294,-0.3469283818584204,-0.19605579428819664,-0.31821572701224027,-1.0619225049620096,7.853247492826396,6.12944214724357,-0.0965542115653861
0.040304194717725755,-0.07762026000706211,0.9073172240425389,-0.30766237752194636,-0.5634205765425789,-0.10333450372844752,-0.09070246500335272,-0.6923742755399175,-0.24332606150207547,-0.7585757845364846,-0.6730847492179421
-0.20120700594415714,-0.5478623181464374,-0.20422691976941906,-0.6853666753527367,-0.7325185340120973,0.24395292309798375,0.32245529899195347,1.424341848681559,-0.5687427171504585,-0.6246277918466706,-0.5353954182360792
-1.0524742082771303,-0.485892434515667,0.16401469842595348,0.26156902884060446,0.2791436406065784,-0.1415138586648148,-0.15390059333915482,-0.32282604611782545,1.5607079180871046,0.8951667405954508,-0.4796695507223403
-0.2442486060621164,-0.19791473999620451,-0.6406614302231941,0.6788627289936022,-0.4727279003911071,-0.11001310809049428,-0.13889103785940182,-0.26669213785117857,0.9651177525768009,0.19966754778295454,-0.48431337301515187
-0.3925030064684208,-0.19791473999620451,0.3617740859753204,-0.2370434436499006,-0.2854914076912944,0.0035231660643005535,-0.0014351087290322704,-0.37428212869558514,0.5248989345909247,0.5602967588709156,-0.4564504392582825
-0.048170205524746254,0.028093070892487453,1.9915842109511366,-0.7685044202293723,0.9929827690246148,-0.07439388482624493,-0.11519173973347603,-0.10296823874012513,-0.6196699921723541,-0.511287182647597,1.2478323422035626
-1.0716038083295567,0.3889765108599151,0.007171046231628301,3.6855173377882786,1.244581806089988,-0.0766200862802605,-0.07016307329421702,-0.5450227663399694,-1.035719933876653,-0.7225128634276885,0.9436619820244049
0.7289697966050749,-0.3911149654333122,-0.20422691976941906,-0.7035564007440211,-0.8530520261876018,0.2395005201899526,0.2995459774702253,2.722438477347769,-0.2519578030312103,-0.4855279532841712,-0.6900347005867042
-0.01230220542644682,-0.4530848490640826,0.3617740859753204,1.0426572368192926,0.9081412332700118,-0.05435807174010465,0.21501848082108996,0.35078085308193724,-1.1203110008621742,-0.181569046795747,1.1178053180048386
1.9054401998292965,2.9151605906319076,0.2731233260393973,4.434506030370582,1.5751712385130947,-0.01651264702183972,-0.010124851375205014,-0.36726539016225423,0.44721326082871105,0.3078563111093429,-0.44484088352625356
-0.5455398068878317,-0.4239225508848966,-1.10778274219325,-0.7685044202293723,0.24696236842379807,-0.19995164683272393,-0.2289483707379198,-0.7625416608732262,0.11057534119245273,0.12754170556536243,-0.4076903051837611
-0.968782208047765,-0.3838243908885157,0.43678626745956284,2.5727341373802846,0.6272864942202927,-0.13004892117663455,-0.14916073371396965,-0.47251646816221715,-0.9692555241023146,-1.1913308378420377,0.8182787801184928
-0.5598870069271515,-0.544217030874039,-0.5929264056423124,0.0454322918382825,-0.2679379865006869,-0.13450132408466572,-0.1444208740887845,-0.3579097387844798,0.5939528668240032,1.0188110415398945,-0.2637318141066024
-0.5383662068681718,-0.3801791036161174,0.19129185532931456,0.26156902884060446,-0.0982549149914816,-0.11891791390655662,-0.16180035938113008,-0.6385792801177143,-1.1220373491680014,-1.1810271460966675,1.1178053180048386
0.07856339482257851,-0.08855612182425678,3.9214430618639224,-0.2969625390564849,-0.42299320701771936,-0.1604365710239473,-0.220258628091747,-0.5520395048733002,0.3091053963625539,0.2872489276186024,-0.5934431968962237
-0.15577420581964455,-0.059393823645070815,-0.21786549822109946,0.28296870577152744,0.4224965803298725,-0.0643759782831748,-0.08833253519076013,-0.8280312205176475,0.33500062094995814,-0.09398766696009918,-0.440197061233442
-0.17729500587862418,-0.20520531454100113,0.2594847475877169,0.4541661212189111,0.30839934259092416,-0.12670961899561117,-0.1681201722147103,-0.5520395048733002,1.111857358572093,1.3897439443732258,-0.13138287876147284
-1.2167496487273417,-0.3728885290713209,-0.04056397834925353,0.6146636982008333,0.5599983796562976,-0.07216768337222934,-0.12072157596285872,-0.6385792801177143,-1.2100811127651765,3.4504822934472887,-0.7487790525907706
-0.5288014068419585,-0.485892434515667,-0.3269741258345433,-0.0027169812562941654,-0.5019836023754528,-0.14240433924642104,-0.1357311314426117,-0.5590562434066312,0.8442733711689134,0.379982153326935,-0.13138287876147284
0.23638259525509606,0.26139145632597605,0.12309896307091223,-0.4446203098798533,-0.26208684610381777,-0.09554279863939298,-0.10966190350409333,-0.4865499452288789,-0.24332606150207547,-0.3927947275758385,0.4862454861824656
-0.8300926076676738,-0.5114094454224548,0.28676190449107775,3.3217228299625883,2.414809885463818,-0.05992357537514361,-0.10097216085792056,-0.4959055966066534,-0.2605895445603451,0.668485522197304,3.5418805548524768
-0.3925030064684208,-0.34737151816453316,-0.0746604244784547,-0.17819433208986238,0.363985176361181,-0.20206653821403872,-0.2439579262176728,-0.3906545186066905,1.2240699984508459,0.19966754778295454,-0.5353954182360792
0.5974537962446436,-0.4166319763401,-0.15649189518853746,-0.6051178868617755,-0.611399927796906,-0.180249763964686,-0.2289483707379198,-0.5988177617621727,0.5939528668240032,0.14299724318341775,-0.5748679077249774
-0.2633782061145429,0.2468103072363828,0.6413649442347699,-0.4852796960486069,-0.5195370235660604,0.0836664184088616,0.016734353167510867,-0.7251190553621282,0.11057534119245273,-0.34127626884898693,-0.6422033309707451
-0.6746646072417096,-0.6353492126839955,-1.0593657886897843,-0.731375980754221,0.4839335544969986,0.05806510168768237,-0.007754921562612458,-0.516955812206646,-1.0780154673694138,-1.1089013038790752,1.029572694441419
-0.5216278068222987,0.03902893270968225,0.17765327687763416,-0.5740883553119372,-0.0748503534040051,-0.03766156083498776,-0.03777403252211843,0.013977403482055896,-1.1341217873087899,-0.04762105410593284,0.3771156623013939
-0.7583566074710749,-0.35830737998172796,-0.34061270428622376,0.43276644428798816,-0.10410605538835084,-0.1539805868073021,-0.23605816017569753,-0.3485540874067053,0.39542281165390225,0.09663063032925141,-0.3705397268412685
-0.5120630067960856,-0.5952510526876147,-0.8984305629599548,-0.7367258999869517,0.521965967076648,0.3563760965257708,0.2876963284072624,1.5506431422815146,-0.594637941737863,-0.7843350138999103,-0.6468471532635567
2.1684722005501587,0.9357696017196537,1.371028891399675,-0.11934522052982421,1.5985758001005712,0.3307747798045915,0.36511403561861994,0.19173477965977107,0.6975337651736213,0.42119692030841654,-0.41929986091578997
-0.18925100591139066,-0.27446577271656797,-0.2792391012536616,-0.6404273537977984,-0.4727279003911071,-0.05992357537514361,-0.07253300310680963,-0.47251646816221715,-0.49278339169407204,-0.9852570029346316,0.07758912441504767
-0.49771580675676574,-0.3984055399781087,0.17765327687763416,-0.6254475799461523,-0.7173055689802375,0.08032711622783822,-0.06542321366903185,-0.6923742755399175,1.3362826383295987,1.2764033351741524,0.4862454861824656
0.09291059486189833,0.26139145632597605,1.255100974560391,-0.0027169812562941654,0.2557390790191019,3.2704737998321716,4.57410938278304,2.1166600506368707,0.26594668871687976,-0.1661135091776915,-0.6670477802372871
-0.775095007516948,-0.3728885290713209,0.37541266442700083,-0.658617079189083,-0.6833689546783965,-0.10110830227443195,-0.0930723948159453,0.6641951742373824,-0.783673081225916,-0.2073282761591728,4.656397905127252
-0.775095007516948,-0.5587981799636321,-0.7224929009332768,0.0454322918382825,-0.6400705157415647,-0.14240433924642104,-0.17522996165248803,-0.1450686699401103,0.4731084854161156,0.2666415441278618,-0.2962385701562834
0.040304194717725755,-0.4640207108812774,0.8868593563650184,-0.4991894860537069,-0.10995719578521997,-0.01651264702183972,0.6637251920052848,-0.9753827297175955,-0.21743083691467094,0.9672925828130429,5.236875691728699
-0.17729500587862418,-0.2380128999925854,1.2073659499795095,-0.2873326844375695,-0.8179451838063869,0.0035231660643005535,-0.03777403252211843,-0.6245458030510526,1.6124983672619138,1.0909368837574869,-0.005999676855560405
-0.5909726070123442,-0.5660887545084287,-0.17013047364021788,0.19736999804783556,-0.4288443474145885,-0.0009292368437306009,-0.12072157596285872,-0.8490814361176401,0.714797248231891,0.7560669020329517,0.21690379319939468
0.908309797096572,-0.059393823645070815,0.7504735718482137,-0.3921911013990921,-0.5253881639629294,-0.07439388482624493,-0.1230915057754513,-0.701729926917692,-0.6196699921723541,1.0651776543940612,7.071185497389268
-1.2686386888695482,-0.32549979453014355,-1.2612167497746554,0.5932640212699104,-0.7655774772544081,-0.1784688028014735,-0.20919895563298166,2.055848316681337,-0.32101173526428883,-0.7791831680272253,-0.6628683401737566
-0.9998678081329578,0.22493858360199345,-1.0389079210122638,3.717616853184663,0.28792035120188203,-0.13227512263065014,-0.018814594021377813,-1.1271781733219866,0.714797248231891,1.6524880838801685,-0.61201848606747
-1.3528089291002243,-0.950302033019205,1.2755588422379118,-0.46708997065732244,-0.611399927796906,0.27623284418120975,0.23476789592602812,1.3494966376593631,0.9392225279893964,0.8488001277412844,1.7307898606559655
-0.2633782061145429,-0.052103249100274196,0.49134058126628477,0.029382534140090278,-0.022190089832182743,-0.18381168629111094,-0.2012991895910064,-0.177813449762321,-0.8320108337890708,0.23057862301906557,1.9165427523684282
-0.1318622057541116,0.3087801908671533,0.03444820313498914,-0.7206761422887595,-0.6064264584595671,-0.15720857891562467,-0.20682902582038906,-0.37428212869558514,0.1882610149546661,-0.3927947275758385,-0.44484088352625356
0.06660739478981204,-0.3400809436197367,-0.3269741258345433,-0.7174661907491211,-0.6532355816345203,-0.14329481982802728,-0.1357311314426117,-0.3579097387844798,-0.9951507486897192,-0.016709978869821826,3.8437290038852288
0.052260194750492234,-0.13959014363783245,-0.991172896431382,0.11391125801723603,-0.16554302955547684,-0.042113963743018956,-0.17365000844409298,0.07478913743759003,-0.30374825220601925,-0.8049423973906511,-0.740884554692991
0.07856339482257851,0.27232731814317074,2.830356785729485,0.785861113648217,-0.25623570570694865,-0.10333450372844752,-0.220258628091747,-0.44912733971778096,0.6975337651736213,0.668485522197304,-0.28462901442425453
1.04460819747011,0.2869084672327637,-0.6065649840939928,-0.36972144062162293,-0.6283682349478265,-0.05769737392112804,-0.07253300310680963,-0.7297968810510155,-1.0642046809227979,0.539689375380175,-0.8476924674276569
-0.4451094066125932,-0.7523629341279796,0.2458461691360365,-0.673596853040729,-0.8197005259254476,-0.17524081069315092,-0.1775998914650806,-0.5520395048733002,-0.5557951048567563,-0.7225128634276885,-0.7074490341847477
1.1402561977322418,-0.07762026000706211,-0.5792878271906319,0.6360633751317563,0.04217245453337787,-0.08886419427734624,-0.11519173973347603,-0.5380060278066385,-0.3296434767934238,-0.4855279532841712,-0.6514909755563684
1.1163441976667088,0.9175431653576624,-0.0746604244784547,-0.6960665138181981,-0.5868251381300554,-0.03432225865396438,-0.09465234802434035,-0.6572905828732631,-0.9286863389153811,-0.9440422359531503,0.7718405571903771
-0.43793580659293335,-0.059393823645070815,0.08218322771587074,-0.7249560776749442,-0.3849607944380699,-0.07216768337222934,0.3840734741193605,0.9916429724594893,1.0082764602224752,0.47786722490795297,-0.34732061537721065
-0.9663910080412117,-0.6936738090423676,-0.3610705719637445,-0.7799532473874161,0.12116284989111145,1.45611961480947,1.5563987547484894,0.3203749861041702,1.5089174689122955,0.379982153326935,-0.570224085432166
-0.5766254069730244,-0.2380128999925854,0.40950911055620204,-0.6340074507185216,-0.7731839597703378,-0.1415138586648148,-0.22973834734211734,-0.5520395048733002,-0.12248168009418782,0.1120861679473071,-0.6584567089955856
-0.4714126066846795,-0.4640207108812774,-0.38834772886710534,0.31506822116791183,0.6126586432281198,-0.11112620881750208,-0.18865956392384595,-0.3906545186066905,-1.1108160851801259,3.0847012364866426,-0.814721329148695
-1.0118238081657243,-0.8493275755737733,-0.8363750310048087,-0.276632845972108,-0.6511876824956162,-0.206964181412873,-0.10097216085792056,0.19173477965977107,0.38679107012476727,0.2872489276186024,-0.7218448832924635
0.7863585967623541,0.046319507254478746,-0.6597554400555466,-0.4852796960486069,1.6892684762520433,-0.18147417476439456,-0.23605816017569753,-0.4327549498066756,-0.6006801608082574,-0.6967536340642627,-0.7234702210949476
-0.8085718076086942,-0.4056961145229053,-0.19058834131773864,-0.5633885168464757,-0.7497793981828612,-0.15309010622569585,-0.22420851111273463,0.2198017337930945,0.06741663354677857,0.19966754778295454,-0.46573808384390564
0.10725779490121796,-0.052103249100274196,0.06854464926419031,-0.666106966114906,-0.6868796389165179,-0.014286445567824142,-0.12072157596285872,-0.4327549498066756,-0.3382752183225586,-0.5834130248651893,-0.1963963908608347
-0.880307807805293,0.5274974272110488,-0.463359910351348,0.80726079057914,-0.5370904447566678,0.0057493675183161305,-0.1175616695460686,-0.2854034406067275,0.24868320565860985,0.3078563111093429,-0.5980870191890353
-0.4881510067305526,-0.5733793290532251,-0.04056397834925353,0.9142591752337548,0.1767486836613683,-0.1887093294899452,-0.2906455435257466,-0.11232389011789962,0.05878489201764362,-0.4855279532841712,-0.34732061537721065
-0.928131807936359,-0.8471404032103343,-0.11557615983349596,0.8821596598373703,0.5073381160844751,-0.09999520154742415,-0.16970012542310534,-0.046834330473478236,0.00699444284283466,0.060567709220455526,-0.5934431968962237
0.7289697966050749,0.3889765108599151,0.16401469842595348,-0.7014164330509288,-0.18602202094451883,0.012427971880362902,0.07835252829491789,1.209161866992746,-0.9157387266216788,-1.1192049956244456,0.5094645976465234
1.1880801978633078,1.4278833834934186,-0.4019863073187859,-0.048726286657778506,-0.7295929638136628,0.5956927528324462,0.5136296372077548,-0.01175063780682393,0.3695275870664977,0.09663063032925141,-0.19175256856802317
0.06660739478981204,-0.18333359090661153,2.7212481581160413,0.2936685442369889,0.03339574393807423,0.09924982858697072,0.08151243471170798,0.88873080730397,1.155016066217767,0.7766742855236923,-0.7613173727813618
-0.5216278068222987,-0.3838243908885157,0.16401469842595348,0.13210098340852058,0.04217245453337787,-0.07105458264522153,-0.12862134200483397,-0.5029223351399842,1.068698650926419,0.014201096366288822,-0.4796695507223403
0.12160499494053793,-0.2817563472613645,1.1596309253986277,2.9686281606023592,0.9403225054527921,-0.11557861172553324,-0.16022040617273503,-0.2479808350956296,-0.1483769046815922,-0.6761462505735222,-0.6422033309707451
-0.7009678073137959,-0.19062416545140803,-0.19058834131773864,-0.026256625880309456,0.34350618497213914,-0.05992357537514361,-0.07016307329421702,1.8219570322369745,-0.2605895445603451,-0.181569046795747,-0.5028886621863982
-0.5766254069730244,-0.5077641581500565,1.1800887930761483,-0.36544150523543834,-0.5838995679316209,-0.13227512263065014,-0.21867867488335196,1.1202831789038885,1.880082354665093,3.3062306090121045,0.5489370871354219
0.025956994678405943,-0.5296358817844461,-0.4019863073187859,-0.11934522052982421,0.28792035120188203,-0.15309010622569585,-0.16338031258952512,-0.7414914452732335,0.7493242143484301,0.3078563111093429,-0.2033621243000521
-0.5837990069926845,0.05725536907167354,0.16401469842595348,1.7595464140052117,1.4025625968054551,-0.12893582044962676,-0.05831342423125413,-0.2479808350956296,1.9146093207816328,1.3073144104102634,-0.13834861220069014
-0.2848990061735225,0.16661398724362128,-0.8493316805339053,-0.5120292922122606,0.20600438564571405,-0.16488897393197843,-0.24553787942606786,-0.37428212869558514,1.4053365705626772,0.869407511232025,-0.1244171453222554
-0.9855206080936381,-0.030231525465884725,-0.12921473828517638,-0.4414103583402149,0.2352600876300598,-0.11001310809049428,-0.1989292597784138,-0.2479808350956296,-0.705124233310789,-1.160419762605927,-0.2033621243000521
-0.16773020585241102,0.09006295452325781,-0.4838177780288686,-0.3279920706063232,-0.2386822845163412,-0.0454532659240423,-0.07253300310680963,-0.5029223351399842,-0.6006801608082574,-0.2639985807587096,-0.7808214264111705
0.1622553950519437,-0.19791473999620451,1.2960167099154325,0.4434662827534496,0.2177066664394523,-0.10110830227443195,-0.15548054654754986,-0.47251646816221715,-0.31237999373515407,0.2872489276186024,1.2478323422035626
-0.9735646080608715,-0.030231525465884725,-0.40880559654462606,-0.6907165945854674,-0.4902813215817146,-0.04767946737805792,-0.16496026579792017,-0.516955812206646,-0.3469069598516934,-0.542198257883708,-0.5377173293824848
-0.4881510067305526,-0.2453034745373819,-0.4838177780288686,-0.5740883553119372,0.521965967076648,-0.22254759159098209,-0.2321082771547099,-1.1769970169086357,-0.5488897116334485,-0.6349314835920409,-0.26837563639941403
0.7863585967623541,-0.485892434515667,-0.9461655875408365,-0.7931140486999336,-0.08362706399930873,0.3675071037958487,0.2718967963233119,0.5074880136596598,0.08468011660504818,-0.2794541183767649,-0.7025730207772956
1.9054401998292965,0.9722224744436364,2.209801466178024,-0.43392047141439183,0.5073381160844751,-0.04767946737805792,0.010414540333930623,1.375224678948243,-0.31237999373515407,-0.15065797155963598,-0.0965542115653861
0.7863585967623541,0.23587444541918814,-1.073686296064049,0.3364678980988348,-0.37618408384276614,0.02912448278547979,-0.07727286273199474,-0.5801064590066237,-0.9640764791848339,-0.8203979350087064,-0.34732061537721065
0.45637299585799934,0.017157209075292654,-0.013286821445892449,0.08823164570012842,0.08605600750989648,-0.19995164683272393,-0.07964279254458735,0.5753164861485248,-1.1600170118961945,-0.7843350138999103,0.3771156623013939
-0.8468310077135469,-0.23072232544778892,0.6072684981055687,-0.5516186945344681,-0.6737145730235624,-0.05992357537514361,-0.06542321366903185,-0.8046420920732112,-0.9286863389153811,0.4005895368176756,2.264829424329296
0.7863585967623541,0.028093070892487453,0.04808678158666956,-0.6425673214908907,-0.7126246566627422,0.05249959805264341,0.07835252829491789,2.2429613442368264,-1.142753528837925,-0.5937167166105596,1.0644013616375056
-0.5598870069271515,-0.07032968546226549,-0.5042756457063894,0.5718643443389874,-0.13336175737269657,-0.17724439200176495,-0.2321082771547099,-0.32282604611782545,0.2227879810712056,-0.3309725771036165,-0.6329156863851221
0.12160499494053793,-0.4348584127020913,0.28676190449107775,-0.6971364976647442,-0.7924927230800061,-0.06548907901018257,-0.0630532838564393,-0.4959055966066534,-0.4409929425192631,-0.6761462505735222,-0.7462249503297242
0.5424561960939178,-0.07032968546226549,-0.42926346422214684,-0.017696755107940148,0.08605600750989648,-0.15309010622569585,-0.19102949373643854,0.06309457321537193,1.26722870609652,0.709700289178785,1.0458260724662596
-0.09838540566236532,-0.3510168054369315,0.40950911055620204,-0.7046263845905673,-0.4112909262239811,0.012427971880362902,-0.0630532838564393,-0.5801064590066237,-0.3382752183225586,-0.34127626884898693,-0.7915022176846371
-0.4809774067108926,-0.13959014363783245,0.20493043378099499,0.250869190375143,-0.22698000372260294,-0.0755069855532527,-0.1357311314426117,-0.4327549498066756,1.5607079180871046,2.873475555706551,-0.1963963908608347
0.1622553950519437,0.12287053997484208,1.9915842109511366,-0.2819827652048388,-0.370332943445897,-0.12448341754159559,-0.10966190350409333,0.26190216499307967,-0.30374825220601925,-0.5525019496290783,-0.27998519213144296
0.07856339482257851,-0.22343175090299242,0.3617740859753204,-0.49276958297442996,-0.6488472263368685,-0.13761800612028754,-0.1175616695460686,-0.294759091984502,-0.45653007727170575,-0.34127626884898693,0.3562184619837417
-0.1318622057541116,-0.5478623181464374,-0.44972133189966745,-0.14609481669347793,-0.6813210555394923,0.0012969646102849763,-0.027504336667550613,-0.6432571058066014,-1.1695119275782428,-1.2691237105195836,0.7555871791655365
-0.9998678081329578,-0.5296358817844461,0.43678626745956284,-0.5901381130101294,-0.4639511897958034,-0.0755069855532527,-0.04330386875150114,-0.818675569139873,1.7678697147863405,2.214039284002851,-0.4285875055014131
-0.14381820578687807,-0.2161411763581958,-0.8131894476369519,0.05399216261065166,-0.3059703990803364,0.016880374788394055,0.0293739788346713,1.0758438348594597,-0.37280218443909796,-0.6864499423188924,-0.6561347978491799
-0.6268406071106437,-0.4749565726984722,-0.6597554400555466,-0.586928161470491,0.39909201874239597,-0.07105458264522153,-0.13178124842162406,0.0373665319264921,0.2400514641294752,0.2872489276186024,-0.3937588383053263
0.2961625954189285,-0.15052600545502726,0.3617740859753204,0.2401693519096815,0.20600438564571405,-0.0187388484758553,-0.0512036347934764,-0.6058345002955036,0.714797248231891,0.6221189093431375,-0.15924581251834216
-0.7153150073531157,-0.485892434515667,-0.04056397834925353,0.150290708799805,0.12116284989111145,-0.09554279863939298,-0.15390059333915482,-0.5730897204732929,0.7838511804649696,0.014201096366288822,-0.5934431968962237
0.06660739478981204,-0.20520531454100113,-0.7545435602947259,-0.7923650600073514,-0.43762105800989226,-0.15309010622569585,-0.16338031258952512,-0.32282604611782545,0.8270098881106438,0.179060164292214,-0.33338914849877593
-0.25381340608832953,-0.3400809436197367,-0.25878123357614097,-0.041236399731955434,-0.20357544213512632,-0.11001310809049428,-0.040933938938908586,0.26190216499307967,-1.2100811127651765,2.6313387996903486,-0.6730847492179421
-0.20120700594415714,-0.4239225508848966,2.0529578139836984,-0.30766237752194636,-0.20357544213512632,-0.1478585328087592,-0.18865956392384595,-0.177813449762321,0.291841913304284,0.2666415441278618,-0.6027308414818469
-1.107471808427856,-0.9353563552023721,-0.5179142241580698,-0.43392047141439183,-0.36740737324746253,-0.16644731494978937,-0.08596260537816755,2.1494048304590816,0.32636887942082354,0.6221189093431375,-0.4285875055014131
-0.2107718059703703,-0.15781657999982376,0.3140390613944388,-0.6842966915061904,-0.43762105800989226,-0.13951027735620078,-0.16970012542310534,-0.3485540874067053,-0.935591732138689,0.34391923221813914,0.697539400505392
-0.49771580675676574,-0.5187000199672512,-0.2860583904795018,-0.3611615698492538,0.9081412332700118,-0.02207815065687868,-0.130201295213229,-0.6853575370065866,-0.43322437514304174,-0.06307659172398854,-0.5632583519929486
-0.40924140651429375,0.5129162781214558,-0.7845484328884229,0.0454322918382825,-0.3059703990803364,0.07476161259279926,0.10047187321244866,-0.294759091984502,0.8097464050523739,0.029656633984344514,-0.6881771716695797
1.0685201975356429,0.10099881634045249,0.7504735718482137,0.16848043419108955,-0.13336175737269657,-0.0076078412057773714,-0.0512036347934764,-0.5099390736733151,0.024257925901104416,-0.3567318064670423,-0.5423611516752964
1.2119921979288406,0.8665091435440867,0.37541266442700083,0.03794240491245943,0.024619033342770488,0.054725799506659026,0.0017247976877578796,-0.701729926917692,-0.898475243563409,0.668485522197304,-0.11048567844382066
-0.6053198070516641,-0.11407313273104469,-0.11557615983349596,-0.010206868182117232,-0.3469283818584204,0.026898281331464213,-0.07964279254458735,-0.6970521012288048,0.3091053963625539,0.34391923221813914,-0.5539707074073253
0.7672289967099277,0.3342972017739412,-0.30651625815702255,-0.7014164330509288,0.2352600876300598,-0.17134495814862366,-0.16496026579792017,-0.2362862708734115,0.6802702821153515,0.12754170556536243,-0.4982448398935866
-0.5694518069533646,0.27232731814317074,-1.054592286231696,-0.6382873861047061,-0.4902813215817146,-0.19271649210717326,-0.19497937675742616,-0.10296823874012513,-0.9899717037722384,-0.902827468971669,0.7277242454086671
-0.09838540566236532,-0.5806699035980216,0.6072684981055687,0.3578675750297578,0.20600438564571405,0.12151184312712658,0.2718967963233119,1.8219570322369745,-0.0447960063319743,-0.3670354982124127,-0.6788895270839566
-0.5216278068222987,-0.4968282963328618,-0.06102184602677404,-0.43392047141439183,-0.7392473454684968,28.370895193857894,27.752022949938457,9.177837928012162,-0.0361642648028395,0.1120861679473071,-0.32642341505955863
-0.40924140651429375,-0.259884623626975,0.49134058126628477,-0.5665984683861142,-0.7512421832820786,-0.0643759782831748,-0.12704138879643892,-0.4093658213622394,1.1981747738634414,0.23057862301906557,-0.4030464828909494
-0.2442486060621164,0.1884857108780109,0.34813550752364003,0.3578675750297578,-0.5751228573363172,0.2228040092848357,0.2292380596966454,0.3203749861041702,-1.0883735572043753,-0.7688794762818548,1.5450369689435028
0.2052969951699033,-0.15052600545502726,-0.12921473828517638,-0.7014164330509288,-0.32644939046937843,-0.1415138586648148,-0.07727286273199474,0.3203749861041702,1.3362826383295987,1.1166961131209128,0.03579472377974363
0.0020449946128729877,0.3488783508635342,-0.04056397834925353,-0.7217461261353058,-0.42299320701771936,-0.1656681444408839,-0.1475807805055746,-0.9332822985176105,1.4053365705626772,0.8488001277412844,-0.42394368320860154
-0.5981462070320043,-0.2963374963509576,0.40950911055620204,-0.17819433208986238,-0.08947820439617797,-0.13004892117663455,-0.0820127223571799,-0.6245458030510526,-0.6006801608082574,-0.6555388670827814,-0.7538872571128633
2.5032402014676203,0.3999123726771097,3.4713699729584673,1.1924549753357534,1.025164041207395,0.21389920346877334,0.06018306639837481,-0.5520395048733002,0.8097464050523739,0.3593747698361945,-0.6073746637746584
-0.5455398068878317,-0.7731410715806497,0.3140390613944388,-0.7345859322938594,-0.758556108778165,-0.0643759782831748,-0.1230915057754513,-0.9636881654953775,0.9392225279893964,0.34391923221813914,-0.4494847058190651
-0.25381340608832953,0.10099881634045249,-1.2612167497746554,0.38996709042614225,-0.5897507083284901,-0.22978274631653278,-0.21867867488335196,0.10051717872646986,-1.0642046809227979,0.07602324683851085,0.4723140193040309
0.40854899572693343,0.07912709270606315,0.20493043378099499,0.07967177492775927,-0.4200676368192848,-0.12003101463356441,-0.15390059333915482,-0.20821931674008806,-0.37280218443909796,-0.701905479936948,-0.811935035773008
-0.8037894075955876,-0.34737151816453316,0.6072684981055687,0.0454322918382825,-0.11873390638052371,0.27623284418120975,0.35247440995145946,-0.22693061949563703,0.5939528668240032,0.14299724318341775,-0.5562926185537311
-1.1313838084933892,-0.5952510526876147,0.0003517570057879705,-0.7046263845905673,-0.5049091725738875,0.4821564786776513,0.5452287013756558,3.564447101347472,-1.2100811127651765,3.3062306090121045,-0.7829111464429356
1.2598161980599065,-0.4093414017953035,-0.02692539989757287,-0.43392047141439183,-0.7044330601071255,-0.12559651826860338,-0.09465234802434035,-0.294759091984502,0.12783882425072232,-0.31551703948556115,-0.5446830628217023
0.5424561960939178,0.9357696017196537,0.5049791597179651,0.15992056341872038,-0.5019836023754528,-0.18659443810863044,-0.23289825375890744,-0.27604778922895307,-0.7793572104613484,-0.938890390080465,-0.8697506233185119
-0.2944638061997356,-0.4348584127020913,-0.21786549822109946,-0.5901381130101294,-0.6283682349478265,-0.0320960571999488,-0.0456737985640937,-0.09127367451790702,1.3362826383295987,0.34391923221813914,-0.6398814198243394
0.014000994645639466,-0.30362807089575405,0.4572441351370836,-0.026256625880309456,-0.2913425480881635,-0.028756755018925415,-0.08596260537816755,-0.7414914452732335,0.4903719684743852,-0.3927947275758385,-0.6050527526282526
-0.6746646072417096,-0.6499303617735885,-1.0689127936059608,-0.5954880322428602,0.07727929691459284,-0.17201281858482834,-0.25612356592231467,-0.5239725507399768,2.121771117480869,2.3995057354195164,0.017219434608497432
-0.5216278068222987,-0.36559795452652444,-1.0641392911478724,-0.7916160713147692,-0.4727279003911071,-0.014286445567824142,-0.02197450043816791,-0.6198679773621653,-0.364170442909963,-0.3052133477401907,-0.717201060999652
-0.08642940562959885,-0.48224714724326867,2.0529578139836984,-0.4745798575831454,-0.35570509245372417,-0.06882838119120596,-0.13731108465100675,-0.6315625415843834,0.35226410400822805,-0.04762105410593284,-0.17085536825037106
-1.2167496487273417,-0.4457942745192861,0.5731720519763676,0.22946951344422,0.14749298167702257,-0.15219962564408962,-0.17680991486088307,-0.6502738443399323,-0.3382752183225586,-0.2794541183767649,-0.5144982179184271
0.0020449946128729877,-0.4093414017953035,-0.44290204267382727,-0.5152392437518991,0.4107942995361342,0.026898281331464213,0.10837163925442392,2.2102165644146154,1.6642888164367222,2.1831282087667403,-0.10351994500460339
0.2507297952944157,0.017157209075292654,0.9277750917200599,0.37926725196068073,0.7384581617608066,-0.12893582044962676,-0.10966190350409333,0.5589440962374195,-1.080604989828154,-0.542198257883708,0.449094907839973
-0.45467420663880653,-0.5296358817844461,-0.30651625815702255,-0.1899641544018701,-0.030966800427486483,0.04693409441760445,0.013574446750720772,0.19173477965977107,-0.3296434767934238,-0.40309841932120877,-0.6514909755563684
-0.4881510067305526,-0.7366881988566671,0.9073172240425389,-0.36544150523543834,1.0427174623980022,-0.08441179136931506,-0.10334209067051314,-0.6245458030510526,-0.32101173526428883,-0.6761462505735222,-0.7993967155824167
-0.669882207228603,-0.2380128999925854,0.8050278856549357,0.785861113648217,0.3201016233846624,-0.17468426032964704,-0.2194686514875495,-0.27604778922895307,0.03288966743023922,-0.4185539569392643,-0.5191420402112387
0.3105097954582481,-0.4676659981536757,0.3344969290719593,-0.6072578545548678,-0.37618408384276614,-0.16711517538599405,-0.035404102709525875,-1.1784003646153018,-1.062478332616971,-0.6658425588281517,1.3662498106702576
-0.2633782061145429,-0.5296358817844461,-0.1837690520918983,0.9142591752337548,0.16797197306606468,-0.11891791390655662,-0.18470968090285833,-0.3579097387844798,-0.22606257844380573,-0.9852570029346316,-0.5725459965785716
-0.9735646080608715,-0.7191908199491555,2.9803811486979703,-0.3226421513735924,-0.16554302955547684,-0.15965740051504182,-0.22183858130014208,-0.1450686699401103,-0.7974838676725317,-1.036775461661483,0.7718405571903771
-0.12229740572789828,-0.5952510526876147,0.03444820313498914,-0.7206761422887595,-0.13336175737269657,-0.1881527791264413,-0.21709872167495692,-1.2466966196730556,-0.4159608920847721,-0.4391613404300049,-0.6826045849182057
-0.6196670070909839,-0.5988963399600129,5.967229829615993,1.0105577214229082,0.8613321100950586,0.04693409441760445,-0.0630532838564393,-0.6619684085621504,-1.1781436691073777,-0.7791831680272253,0.5744781097458855
-0.5288014068419585,-0.4968282963328618,-0.9134329992568034,-0.7871221391592754,-0.522462593764495,0.04693409441760445,0.13760077360973236,1.4991870597037549,-0.0447960063319743,-0.6143241001013001,-0.8402623517591584
-0.38293820644220766,-0.4968282963328618,-0.12921473828517638,-0.6093978222479601,-0.6775178142815272,0.0035231660643005535,-0.13415117823421666,-0.5801064590066237,-0.9424971253619968,-0.511287182647597,-0.7692118706791415
0.13356099497330443,0.07912709270606315,-0.7845484328884229,-0.5056093891329838,-0.7802053282465808,-0.20629632097666836,-0.23526818357150003,-1.0478890278953479,0.5248989345909247,0.14299724318341775,-0.36125208225564537
0.45637299585799934,0.2978443290499586,-0.5315528026097504,0.7216620828554482,-0.2503845653100795,-0.05213187028608907,-0.07490293291940218,-0.6572905828732631,0.8097464050523739,0.601511525852397,-0.08958847812616864
-0.5048894067764256,-0.6025416272324112,-0.06102184602677404,-0.5494787268413758,-0.5195370235660604,-0.12670961899561117,-0.16970012542310534,-0.44912733971778096,-0.9019279401750631,0.34391923221813914,0.9436619820244049
-0.928131807936359,-0.5478623181464374,-0.3815284396412651,0.5718643443389874,0.12993956048641508,-0.2167594678105416,-0.11361178652508096,0.16600673837089122,0.3091053963625539,0.21512308540101024,-0.570224085432166
-0.12229740572789828,0.5858220235694209,0.34813550752364003,-0.6628970145752675,-0.2445334249132103,-0.03988776228900334,-0.035404102709525875,-0.516955812206646,0.7838511804649696,0.4418043037991571,-0.13834861220069014
-0.33511420631114175,-0.4093414017953035,-0.2110462089952594,-0.543058823762099,-0.7632370210956603,-0.04322706447002672,-0.07727286273199474,-0.5871231975399546,-0.5885957226674687,-0.5525019496290783,-0.321779592766747
-0.43793580659293335,-0.31820921998534707,-0.2315040766727799,-0.6543371438028983,-0.5956018487253593,0.5511687237521344,0.7111237882571364,0.07478913743759003,1.9750315114855763,1.0651776543940612,-0.37518354913408003
-0.3159846062587153,-0.07762026000706211,-0.3815284396412651,-0.6907165945854674,-0.43762105800989226,-0.05213187028608907,-0.018814594021377813,-0.5988177617621727,-0.5488897116334485,-0.49583164502954163,-0.854890391981515
-0.8850902078183998,-0.33279036907494014,-0.8786546242050183,-0.5184491952915375,-0.611399927796906,-0.1733485394572377,-0.21393881525816683,-0.1450686699401103,-0.20016735385640133,-0.2382393513952838,-0.6096965749210642
-1.0787774083492165,-0.6462850745011903,-0.09511829215597521,-0.08403575359380136,-0.060222502411832225,-0.1733485394572377,-0.22420851111273463,-0.5730897204732929,-1.055572939393663,-1.298489231993889,0.017219434608497432
-0.27533420614730936,0.006221347258097854,-0.3337934150603835,0.020822663367721123,0.8291508379122783,-0.14429661048233428,-0.018814594021377813,0.3975591099708097,1.1722795492760372,0.42119692030841654,-0.3798273714268916
-0.6124934070713239,-0.6900285217699693,0.3004004829427582,-0.6821567238130982,-0.6532355816345203,-0.13951027735620078,-0.16180035938113008,-0.11232389011789962,2.475672520175397,2.83226078872507,-0.36125208225564537
0.3105097954582481,-0.13959014363783245,-1.054592286231696,-0.6639669984218137,0.45760342271108745,-0.19605579428819664,-0.1957693533616237,0.20576825672643279,-0.20879909538553612,-0.31551703948556115,-0.46573808384390564
-0.20120700594415714,-0.2671751981717715,-0.1360340275110167,0.38996709042614225,-0.1772453103492152,-0.005381639751761795,-0.07727286273199474,-0.5801064590066237,-0.6550601324418069,-0.49583164502954163,0.6557449998700879
1.594584198977368,1.0487735071639996,10.058803365120134,2.6690326835694376,2.5610883953855463,-0.14429661048233428,-0.15390059333915482,-0.8981986058509561,-0.9088333333983709,-0.4185539569392643,1.3267773211813592
-0.5766254069730244,-0.4676659981536757,0.49134058126628477,-0.2370434436499006,-0.5049091725738875,-0.19316173239797638,0.013574446750720772,0.4911156237485545,1.6642888164367222,0.5809041423616561,-0.5144982179184271
-0.7870510075497146,-0.5114094454224548,-0.1360340275110167,-0.6757368207338214,-0.548792725550406,-0.15309010622569585,-0.19497937675742616,-0.294759091984502,-0.5687427171504585,-0.42885764868463455,1.5914751918716186
0.2507297952944157,0.5274974272110488,-0.2110462089952594,1.1389557830084458,0.12993956048641508,0.2305957143738902,0.1952690657161518,1.2793292523260547,0.35226410400822805,0.7354595185422108,-0.30552621474190655
-0.8420486077004403,-0.4676659981536757,-0.12921473828517638,0.07111190415539012,-0.4522489090020651,-0.10667380590947091,-0.09939220764952551,-0.6619684085621504,0.28321017177514934,0.2511860065098061,-0.5980870191890353
-1.3018763689606392,-0.5660887545084287,-0.5929264056423124,1.2138546522666762,0.24696236842379807,-0.0187388484758553,-0.018814594021377813,-0.9145709957620615,-0.3469069598516934,-0.5937167166105596,-0.7564413593739097
-0.06251740556406589,-0.2161411763581958,-0.7599989916753982,-0.6532671599563522,0.03339574393807423,-0.16344194298686832,-0.15864045296433998,-0.2479808350956296,-0.9260968164566405,-1.0728383827702792,0.5489370871354219
-1.050083008270577,-0.13229956909303597,-0.2110462089952594,-0.276632845972108,-0.4434721984067614,-0.0755069855532527,-0.13415117823421666,-0.25733648647340407,-0.6317544303131428,-0.7585757845364846,-0.5632583519929486
-0.3159846062587153,-0.2380128999925854,-0.6202035625456733,-0.08403575359380136,-0.5253881639629294,-0.18659443810863044,-0.2194686514875495,-0.11232389011789962,0.1709975318963965,-0.3927947275758385,-0.46573808384390564
-0.43793580659293335,-0.4348584127020913,-0.08147971370429478,-0.026256625880309456,-0.4405466282083268,-0.05213187028608907,-0.10966190350409333,-0.47251646816221715,0.6630067990570818,0.029656633984344514,-0.6329156863851221
-0.4283710065667202,0.017157209075292654,-0.3610705719637445,0.4755657981498341,-0.08362706399930873,-0.019851949202863105,0.013574446750720772,-0.6245458030510526,-0.07069123091937886,-0.47522426153880093,-0.36125208225564537
0.14790819501262406,0.133806401792037,-0.49745635648054914,-0.7174661907491211,-0.5926762785269247,-0.08886419427734624,-0.10729197369150077,-0.7906086150065496,-0.828558137177417,-0.2073282761591728,1.3058801208637074
0.025956994678405943,0.14474226360923168,-1.2612167497746554,4.381006838043275,0.363985176361181,0.21389920346877334,0.2292380596966454,0.16600673837089122,1.155016066217767,0.4418043037991571,-0.48431337301515187
0.42289619576625304,-0.3400809436197367,3.137224800892296,-0.27128292673937726,0.09483271810520033,-0.014286445567824142,-0.0512036347934764,-0.3579097387844798,-1.035719933876653,-1.0213199240434276,0.5605466428674507
0.10725779490121796,-0.23072232544778892,-1.2612167497746554,0.38996709042614225,-0.5721972871378825,0.3252092761695526,0.458331274913928,1.793890078103651,0.6802702821153515,1.0651776543940612,-0.4796695507223403
1.0685201975356429,0.2978443290499586,0.5868106304280482,-0.5772983068515757,1.64245935307709,-0.08775109355033843,-0.14600082729717956,-0.21757496811786253,0.8442733711689134,-0.3309725771036165,-0.6670477802372871
0.2650769953337357,0.32336133995674626,1.1596309253986277,-0.20815387979315456,-0.32644939046937843,0.024672079877448596,0.0017247976877578796,-0.5099390736733151,-0.9485393444323912,-1.1913308378420377,-0.4564504392582825
0.4396345958121262,1.7887668234608458,0.3140390613944388,-0.644707289183983,-0.3937375050333736,-0.08107248918829167,-0.13178124842162406,-0.6736629727843685,0.32636887942082354,0.42119692030841654,-0.4123341274765726
0.45637299585799934,-0.052103249100274196,-0.20422691976941906,0.7323619213209096,0.6682444769983766,-0.10890000736348648,-0.12467145898384635,-0.16611888554010287,1.5866031426745089,2.074939445440352,-0.2033621243000521
-0.9448702079822321,0.23587444541918814,0.10946038461923181,-0.5719483876188449,-0.4727279003911071,-0.03988776228900334,-0.018814594021377813,-0.6853575370065866,1.0428034263390147,0.21512308540101024,-0.7394914080051476
-0.07447340559683237,-0.11407313273104469,0.06854464926419031,-0.6425673214908907,-0.5780484275347518,0.024672079877448596,-0.03224419629273578,-0.5871231975399546,-0.9606237825731799,-0.9955606946800019,0.8949018479498836
6.281336211821827,7.3259581902338,-0.30651625815702255,3.8460149147702007,0.9578759266433998,0.2717804412731786,0.23950775555121323,-0.6970521012288048,3.183475325564453,2.997119856650995,0.9436619820244049
-0.3040286062259488,-0.31820921998534707,-0.1360340275110167,-0.26593300750664656,0.15919526247076082,0.2662149376381396,0.26083712386454644,-0.4865499452288789,0.9392225279893964,0.2872489276186024,-0.5121763067720213
-0.6196670070909839,-0.34737151816453316,0.3617740859753204,-0.6714568853476367,-0.3059703990803364,-0.03766156083498776,0.026214072417881148,0.41159258703747137,-0.010269040215434943,-0.40309841932120877,-0.5632583519929486
0.8078793968213335,0.12287053997484208,-0.4701791995771882,-0.041236399731955434,-0.10995719578521997,0.10815463440303304,-0.010124851375205014,-0.6385792801177143,1.155016066217767,1.6524880838801685,0.07758912441504767
1.2359041979943737,0.6951806417413687,-0.25878123357614097,-0.7452857707593209,-0.15091517856330397,-0.10556070518246312,-0.13178124842162406,-0.720441229673241,-1.0003297936072002,-1.1192049956244456,0.5605466428674507
-0.6196670070909839,-0.4749565726984722,0.7709314395257345,-0.36972144062162293,0.9929827690246148,-0.20663025119477066,-0.1862896341112534,-0.3041147433622765,1.068698650926419,0.07602324683851085,-0.4285875055014131
-0.6268406071106437,-0.041167387283079525,0.49134058126628477,-0.6275875476392446,-0.7547528675202001,-0.03654846010797999,-0.0014351087290322704,-0.1357130185623358,-0.1483769046815922,-0.6555388670827814,-0.6282718640923105
-0.22272780600313677,-0.5223453072396496,0.9891486947526219,-0.2370434436499006,1.6190547914896134,-0.0755069855532527,-0.09939220764952551,-0.27604778922895307,-0.16564038773986198,0.04511217160239984,0.8020254020936523
-0.15577420581964455,-0.3400809436197367,-0.04738326757509362,-0.6543371438028983,-0.5049091725738875,-0.23256549813405225,-0.26386533664345047,-0.5450227663399694,0.4903719684743852,0.21512308540101024,-0.48431337301515187
0.7480993966575011,0.12287053997484208,-0.3610705719637445,-0.6425673214908907,0.9578759266433998,-0.05435807174010465,-0.05594349441866157,-0.4561440782511118,-0.2864847691477496,-0.8770682396082432,-0.5980870191890353
0.6524513963953693,-0.5187000199672512,0.08218322771587074,0.2401693519096815,-0.3205982500725093,-0.012060244113808526,-0.07964279254458735,-0.7906086150065496,-0.6550601324418069,0.21512308540101024,1.1735311855185775
-0.45467420663880653,-0.27446577271656797,-0.2315040766727799,-0.6564771114959906,-0.1977243017382572,-0.15798774942453014,-0.16970012542310534,0.025671967704273997,0.6630067990570818,0.47786722490795297,-0.6282718640923105
-0.968782208047765,-0.7191908199491555,0.6618228119122906,1.9307438294525956,0.9081412332700118,0.1593572678453915,0.08151243471170798,-0.6128512388288344,0.6975337651736213,0.1120861679473071,-0.5423611516752964
-1.090733408381983,-0.5879604781428183,0.02080962468330872,-0.6489872245701677,-0.4200676368192848,-0.1941635230522834,-0.20682902582038906,-1.1784003646153018,1.5607079180871046,0.14299724318341775,-0.8435130273641266
0.025956994678405943,1.9491594634463694,-0.1360340275110167,-0.6960665138181981,-0.6596718360710764,-0.18381168629111094,-0.18312972769446328,-1.2422526852686127,-1.2014493712360417,-0.7688794762818548,0.31210215020203186
0.2650769953337357,-0.23072232544778892,-1.2121178673486057,3.40732153768628,0.5073381160844751,-0.12670961899561117,-0.09939220764952551,-0.10296823874012513,2.682834316874633,2.914690322688032,0.4862454861824656
-0.7511830074514151,-0.9626960097453591,0.0003517570057879705,-0.6019079353221372,-0.4112909262239811,0.021332777696425248,-0.018814594021377813,-0.5450227663399694,-0.6990820142403945,-0.9440422359531503,2.0558574211527754
-0.27533420614730936,0.046319507254478746,-0.30651625815702255,0.26156902884060446,0.0012144717552938725,0.010201770426347324,-0.10097216085792056,-0.7344747067399027,-1.1539747928258002,-0.2794541183767649,0.3887252180334228
-0.7153150073531157,-0.15052600545502726,0.47088271358876405,-0.49276958297442996,-0.7111618715635248,-0.009834042659792949,-0.004595015145822364,0.13793978423756778,0.714797248231891,0.9672925828130429,-0.214971680032081
0.6524513963953693,-0.20520531454100113,-0.06102184602677404,-0.6821567238130982,-0.522462593764495,0.7704495669726696,1.035014195978122,0.6805675641484877,-0.45653007727170575,-0.7225128634276885,-0.505210573332804
1.594584198977368,2.7328962270119947,0.2731233260393973,-0.1835442513225931,0.16797197306606468,-0.1678943458948995,-0.1862896341112534,-0.3391984360289308,0.15373404883812689,-0.42885764868463455,-0.46573808384390564
-0.12229740572789828,-0.11407313273104469,-0.2792391012536616,-0.7281660292145825,-0.800099205595936,-0.042113963743018956,-0.0512036347934764,-0.5801064590066237,-0.3814339259682328,-0.5525019496290783,-0.5423611516752964
-0.5909726070123442,-0.5916057654152164,-0.6774855920427313,1.2673538445939836,-0.15091517856330397,-0.15475975731620756,-0.19734930657001876,-0.05852889469569634,-0.49278339169407204,-1.2067863754600932,-0.10351994500460339
0.06660739478981204,-0.2817563472613645,-0.23832336589862022,-0.6147477414806909,-0.2445334249132103,-0.12225721608758001,-0.027504336667550613,0.19173477965977107,-0.5419843184101406,-0.7585757845364846,-0.4982448398935866
0.025956994678405943,-0.289046921806161,0.552714184298847,-0.6382873861047061,-0.5956018487253593,-0.18603788774512653,-0.17207005523569793,0.870019504548421,0.291841913304284,0.7560669020329517,3.0078409911791466
0.5974537962446436,-0.25259404908217836,-0.0746604244784547,-0.2199237021051622,-0.2679379865006869,-0.17134495814862366,-0.07727286273199474,0.364814330148599,-0.4487615098954844,-0.28975781012213536,-0.5655802631393543
-0.38293820644220766,-0.289046921806161,-0.5929264056423124,0.26156902884060446,-0.4200676368192848,-0.1685622063311042,-0.22736841752952475,0.44433736685968206,-0.8604955808352159,-1.201634529587408,0.06830147982942457
0.1622553950519437,-0.059393823645070815,0.7709314395257345,1.2459541676630608,-0.013413379236878999,-0.13450132408466572,-0.11361178652508096,-0.3298427846511563,0.26594668871687976,-0.15065797155963598,-0.6468471532635567
-0.8085718076086942,-0.613477489049606,0.19129185532931456,-0.7367258999869517,0.059725875723985355,-0.15887823000613638,-0.0843826521697725,-0.42573821127334477,0.041521408959374013,-0.2073282761591728,1.0644013616375056
-0.6340142071303037,-0.6353492126839955,-0.49063706725470885,-0.6821567238130982,0.521965967076648,0.07476161259279926,0.07440264527393026,0.5425717063263141,-0.3814339259682328,-0.8616127019901877,-0.7188263988021361
-0.9520438080018919,0.71340707810336,-0.9134329992568034,-0.7003464492043827,-0.06899921300713587,-0.05435807174010465,-0.0820127223571799,0.19173477965977107,0.5076354515326548,0.5602967588709156,-0.5028886621863982
-0.3040286062259488,-0.289046921806161,-0.12921473828517638,-0.5826482260843064,-0.4405466282083268,0.4498765575944254,0.45122148547615026,3.5200077573030435,0.3695275870664977,0.21512308540101024,-0.30552621474190655
-0.4283710065667202,-0.6681567981355799,4.739757768964751,1.342252713852214,0.6536166260062038,0.02912448278547979,0.010414540333930623,-0.36726539016225423,-1.1444798771437519,-0.2794541183767649,1.029572694441419
-0.40924140651429375,-0.08855612182425678,0.13673754152259265,-0.14609481669347793,-0.5312393043597986,-0.15475975731620756,-0.20682902582038906,-0.01175063780682393,0.5939528668240032,-0.22278381377722828,-0.7007154918601709
0.06660739478981204,-0.30362807089575405,-0.6774855920427313,-0.8031718968574676,0.11238613929580761,-0.0766200862802605,-0.14916073371396965,-0.5801064590066237,-0.26922128608947987,0.07602324683851085,0.288883038737974
1.04460819747011,0.07912709270606315,-0.6338421409973538,-0.731375980754221,0.5980307922359469,-0.1881527791264413,-0.28724864412769724,-0.7672194865621134,-0.0447960063319743,-0.573109333119819,-0.7715337818255474
0.4396345958121262,-0.23072232544778892,0.3617740859753204,-0.2263436051844391,0.4107942995361342,-0.0076078412057773714,-0.13415117823421666,-0.6502738443399323,1.4830222443248913,2.5489092657273864,-0.2637318141066024
-0.3040286062259488,-0.5478623181464374,-0.7490881289140537,0.4113667673570652,-0.2386822845163412,-0.17902535316497745,-0.17365000844409298,-0.20821931674008806,0.5076354515326548,0.14299724318341775,-0.6689053091544117
